Site,<i class="fas fa-dice-three fa-3x"></i>,<i class="fas fa-dice-three fa-2x"></i> vs. <i class="fas fa-dice-two fa-2x"></i>,<i class="fas fa-compass fa-3x"></i>,<i class="fas fa-dice-two fa-3x"></i>
1,"1.000","1.000","1.000","1.001"
2,"1.000","1.000","1.000","1.000"
3,"1.000","1.000","1.000","1.000"
4,"1.000","1.000","1.000","1.000"
5,"1.000","1.000","1.000","0.999"
6,"1.000","1.000","1.000","1.001"
7,"0.998","0.997","1.000","1.000"
8,"1.000","1.000","1.000","1.000"
9,"1.000","1.000","1.000","1.001"
10,"1.000","1.000","1.000","0.999"
11,"1.000","1.000","1.000","1.000"
12,"0.997","0.996","1.000","1.000"
13,"1.000","1.000","1.000","0.999"
14,"1.000","1.000","1.000","1.000"
15,"1.000","1.000","1.000","1.000"
16,"1.001","1.000","1.000","0.999"
17,"0.999","0.998","1.000","0.999"
18,"1.000","1.000","1.000","0.999"
19,"1.000","1.000","1.000","1.000"
20,"1.005","0.993","1.012","1.230"
21,"1.074","1.059","1.014","0.658"
22,"0.667","0.921","0.724","4.915"
23,"1.202","0.938","1.281","0.976"
24,"111.864","167.660","0.667","93.599"
25,"0.740","1.025","0.722","0.285"
26,"8.278","0.787","10.524","14.001"
27,"0.803","0.758","1.061","55.357"
28,"8.801","0.828","10.635","40.614"
29,"0.780","0.752","1.038","3.371"
30,"1.100","1.131","0.973","0.772"
31,"0.902","1.031","0.875","2.949"
32,"0.865","0.987","0.877","1.166"
33,"0.674","0.997","0.676","5.591"
34,"0.938","0.980","0.958","0.598"
35,"0.646","0.862","0.750","1.845"
36,"0.958","1.077","0.889","0.568"
37,"1.067","0.971","1.099","1.471"
38,"0.786","0.862","0.912","0.253"
39,"0.928","1.029","0.902","0.299"
40,"1.059","1.020","1.038","1.068"
41,"6.270","0.772","8.118","35.124"
42,"0.728","0.898","0.810","0.807"
43,"0.769","0.783","0.982","2.685"
44,"0.780","0.828","0.943","0.442"
45,"1.175","1.044","1.126","0.635"
46,"3.278","0.829","3.953","9.010"
47,"24.010","20.440","1.175","26.573"
48,"1.609","0.840","1.916","4.693"
49,"1.148","1.045","1.099","0.531"
50,"1.018","1.023","0.995","1.013"
51,"1.004","1.009","0.995","1.065"
52,"4.518","3.823","1.182","2.931"
53,"1.000","1.000","1.000","1.000"
54,"1.000","1.000","1.000","1.000"
55,"1.000","1.000","1.000","1.000"
56,"0.890","0.951","0.936","0.912"
57,"1.076","1.046","1.028","0.289"
58,"1.072","1.089","0.985","1.453"
59,"0.828","0.821","1.009","1.032"
60,"0.602","0.593","1.016","0.933"
61,"0.985","0.983","1.003","1.526"
62,"1.041","1.032","1.008","1.326"
63,"1.084","1.049","1.034","1.300"
64,"1.107","1.097","1.010","0.307"
65,"0.747","1.030","0.726","0.910"
66,"1.079","1.025","1.053","1.185"
67,"0.748","0.895","0.837","3.523"
68,"1.003","0.979","1.025","1.468"
69,"0.831","0.967","0.860","0.887"
70,"1.059","0.996","1.064","1.303"
71,"5.100","6.455","0.790","23.712"
72,"1.365","2.042","0.668","2.765"
73,"1.066","1.012","1.053","1.133"
74,"1.596","0.799","1.997","3.692"
75,"0.815","0.709","1.148","0.499"
76,"1.014","0.990","1.025","1.303"
77,"0.837","0.964","0.869","1.259"
78,"1.134","1.112","1.019","0.594"
79,"0.872","1.022","0.854","0.764"
80,"1.083","1.088","0.995","0.426"
81,"0.944","0.997","0.947","0.637"
82,"1.724","1.794","0.961","2.056"
83,"1.027","0.981","1.047","0.937"
84,"0.863","0.997","0.865","1.292"
85,"1.192","1.058","1.126","0.580"
86,"1.026","0.992","1.034","1.322"
87,"1.011","0.998","1.014","1.382"
88,"1.001","0.984","1.018","1.458"
89,"0.991","0.988","1.003","0.961"
90,"0.971","0.938","1.035","1.682"
91,"1.093","1.172","0.933","0.473"
92,"0.681","0.909","0.749","9.742"
93,"33.391","5.031","6.638","40.513"
94,"0.917","0.985","0.931","0.765"
95,"1.001","0.982","1.020","1.144"
96,"1.021","0.998","1.023","1.223"
97,"0.966","0.993","0.972","1.144"
98,"1.127","1.021","1.105","1.123"
99,"1.517","0.939","1.615","1.669"
100,"1.038","1.016","1.022","1.103"
101,"1.039","1.108","0.938","0.899"
102,"0.778","0.947","0.822","1.394"
103,"1.052","1.134","0.928","0.792"
104,"0.956","1.014","0.943","0.948"
105,"0.989","1.092","0.905","1.272"
106,"1.002","0.987","1.015","1.457"
107,"1.143","1.042","1.097","1.084"
108,"1.048","1.063","0.986","0.613"
109,"0.926","0.896","1.034","0.734"
110,"0.943","0.952","0.991","0.569"
111,"0.956","0.937","1.020","0.552"
112,"1.062","1.016","1.045","1.141"
113,"0.379","0.806","0.470","14.891"
114,"1.069","1.011","1.057","1.320"
115,"1.165","0.925","1.260","1.982"
116,"1.146","1.116","1.026","1.189"
117,"0.971","0.987","0.984","1.078"
118,"1.039","1.011","1.028","1.230"
119,"1.052","1.032","1.019","1.032"
120,"1.101","1.041","1.058","0.739"
121,"1.011","1.052","0.961","1.174"
122,"1.028","1.009","1.019","1.482"
123,"0.619","0.879","0.704","3.256"
124,"0.731","1.030","0.710","3.626"
125,"1.051","1.003","1.048","1.290"
126,"0.855","0.970","0.881","0.910"
127,"1.048","1.064","0.985","1.354"
128,"1.084","1.053","1.029","1.183"
129,"0.932","1.073","0.869","0.853"
130,"1.021","0.997","1.024","1.219"
131,"1.123","1.011","1.110","0.825"
132,"1.093","1.036","1.055","0.986"
133,"0.559","0.519","1.076","0.740"
134,"1.285","0.984","1.306","2.274"
135,"0.948","1.003","0.945","0.984"
136,"0.989","0.893","1.108","1.440"
137,"1.020","0.956","1.067","1.264"
138,"1.048","0.997","1.051","1.242"
139,"1.073","1.041","1.031","1.182"
140,"1.229","0.881","1.395","1.502"
141,"1.052","1.025","1.027","1.148"
142,"1.819","0.962","1.891","6.659"
143,"0.883","0.911","0.969","0.924"
144,"0.988","0.956","1.033","0.629"
145,"1.033","1.080","0.957","0.685"
146,"0.738","0.939","0.786","0.721"
147,"1.323","1.181","1.120","0.573"
148,"1.109","1.084","1.023","0.644"
149,"1.513","0.919","1.646","3.340"
150,"1.101","1.095","1.005","0.421"
151,"0.896","1.001","0.895","0.858"
152,"1.088","1.054","1.032","1.295"
153,"2.480","0.886","2.799","2.319"
154,"1.017","0.994","1.023","1.254"
155,"1.047","0.994","1.053","1.209"
156,"1.025","0.981","1.044","1.273"
157,"1.072","1.067","1.005","0.802"
158,"1.011","1.041","0.971","1.779"
159,"1.136","0.984","1.154","0.571"
160,"1.135","0.926","1.226","2.552"
161,"1.156","1.022","1.131","1.267"
162,"0.967","1.019","0.950","0.405"
163,"1.089","1.034","1.053","0.875"
164,"1.015","1.017","0.998","1.011"
165,"1.058","1.071","0.987","0.815"
166,"0.979","0.985","0.995","0.871"
167,"1.084","1.043","1.039","1.303"
168,"1.083","1.030","1.051","0.812"
169,"0.917","1.051","0.872","1.056"
170,"1.012","1.013","0.999","1.121"
171,"1.094","1.053","1.039","0.382"
172,"1.009","0.990","1.019","1.425"
173,"1.064","1.032","1.031","1.334"
174,"0.776","1.040","0.746","1.639"
175,"0.970","1.022","0.949","1.186"
176,"1.390","1.012","1.373","1.165"
177,"0.860","0.883","0.974","0.577"
178,"0.920","1.011","0.910","0.922"
179,"1.008","1.045","0.965","0.546"
180,"1.111","1.105","1.005","0.297"
181,"1.211","1.233","0.982","0.525"
182,"1.676","1.046","1.603","1.861"
183,"1.052","1.039","1.012","1.324"
184,"1.015","1.006","1.009","1.344"
185,"0.836","0.953","0.877","2.445"
186,"1.044","1.008","1.035","1.291"
187,"40.391","47.046","0.859","11.615"
188,"0.920","0.983","0.936","0.955"
189,"1.044","1.014","1.030","0.169"
190,"0.994","1.088","0.914","1.356"
191,"0.965","0.938","1.029","1.780"
192,"0.695","0.581","1.195","1.660"
193,"1.052","1.009","1.042","1.294"
194,"1.041","1.037","1.004","1.115"
195,"0.972","0.959","1.014","0.954"
196,"0.786","0.803","0.978","0.996"
197,"1.092","1.052","1.038","1.192"
198,"1.083","1.029","1.052","1.261"
199,"1.007","1.008","0.999","0.824"
200,"1.027","0.998","1.029","1.314"
201,"1.098","1.065","1.031","1.230"
202,"1.036","1.037","0.998","1.276"
203,"1.086","1.057","1.028","1.348"
204,"1.182","1.204","0.982","0.368"
205,"1.044","1.019","1.024","1.300"
206,"1.565","0.907","1.725","1.896"
207,"0.981","1.071","0.916","0.437"
208,"1.076","1.067","1.009","1.322"
209,"0.778","0.865","0.900","1.345"
210,"0.879","0.976","0.900","1.172"
211,"0.305","0.801","0.380","388.404"
212,"1.055","1.088","0.970","0.972"
213,"0.650","0.764","0.851","0.757"
214,"1.129","1.047","1.078","1.309"
215,"1.048","1.008","1.039","1.106"
216,"0.968","1.004","0.964","1.208"
217,"1.085","1.017","1.066","1.459"
218,"1.175","1.176","0.999","0.530"
219,"1.134","0.979","1.159","1.789"
220,"1.143","1.092","1.047","0.702"
221,"1.005","1.064","0.945","1.081"
222,"1.193","0.989","1.206","1.413"
223,"1.046","1.015","1.031","0.928"
224,"1.075","1.065","1.010","0.537"
225,"1.057","1.029","1.028","1.348"
226,"0.692","0.882","0.784","1.121"
227,"1.512","0.964","1.568","2.192"
228,"1.063","1.015","1.047","1.155"
229,"1.127","1.021","1.105","1.123"
230,"0.921","0.936","0.984","1.017"
231,"0.908","1.003","0.905","1.143"
232,"1.163","1.061","1.097","1.164"
233,"0.777","0.953","0.815","1.192"
234,"1.088","1.043","1.042","1.304"
235,"1.071","1.057","1.013","1.344"
236,"0.991","1.000","0.991","1.369"
237,"1.239","0.927","1.337","1.723"
238,"0.726","0.814","0.891","5.240"
239,"0.971","0.987","0.985","0.925"
240,"0.903","0.799","1.131","4.853"
241,"0.943","1.022","0.922","0.993"
242,"1.143","1.118","1.022","0.549"
243,"0.573","0.884","0.648","6.111"
244,"0.816","0.876","0.932","0.891"
245,"1.008","1.006","1.003","1.165"
246,"0.996","1.053","0.946","0.884"
247,"1.035","0.979","1.057","1.215"
248,"1.014","0.961","1.055","1.014"
249,"1.066","1.067","0.998","0.694"
250,"0.703","0.878","0.801","0.950"
251,"0.924","1.024","0.902","0.980"
252,"0.831","0.837","0.994","0.965"
253,"0.646","0.921","0.701","1.324"
254,"1.173","1.041","1.127","0.458"
255,"1.080","1.069","1.010","0.506"
256,"1.404","0.813","1.728","2.285"
257,"1.009","0.990","1.019","1.425"
258,"1.012","0.994","1.018","1.418"
259,"1.091","1.131","0.964","0.670"
260,"1.268","1.192","1.064","0.598"
261,"0.583","0.883","0.660","65.506"
262,"1.093","1.100","0.994","1.009"
263,"1.014","0.974","1.041","0.831"
264,"1.054","1.080","0.975","1.227"
265,"1.102","0.999","1.103","1.037"
266,"1.062","1.091","0.973","0.935"
267,"1.117","1.090","1.025","0.884"
268,"1.134","1.098","1.033","0.802"
269,"1.037","0.935","1.108","1.470"
270,"0.648","0.957","0.678","0.748"
271,"1.025","0.983","1.043","0.782"
272,"1.080","1.063","1.016","0.885"
273,"1.183","1.167","1.014","0.423"
274,"1.005","1.015","0.990","0.722"
275,"0.999","1.149","0.869","0.451"
276,"1.094","1.055","1.038","0.444"
277,"1.113","1.052","1.058","1.108"
278,"0.991","1.014","0.977","0.995"
279,"1.039","1.025","1.014","1.374"
280,"1.278","1.158","1.103","0.670"
281,"0.751","0.739","1.016","0.843"
282,"1.079","1.031","1.047","1.189"
283,"1.004","0.991","1.012","1.398"
284,"1.048","1.027","1.021","1.346"
285,"0.568","0.630","0.902","3.527"
286,"1.058","1.017","1.041","1.257"
287,"1.111","1.189","0.934","0.796"
288,"1.041","1.041","1.000","0.795"
289,"1.010","0.996","1.014","1.264"
290,"1.002","0.987","1.015","1.457"
291,"1.293","0.994","1.301","1.363"
292,"1.025","0.989","1.036","0.925"
293,"0.673","0.827","0.814","4.936"
294,"0.708","0.863","0.820","1.144"
295,"1.051","1.037","1.013","0.537"
296,"1.026","1.032","0.994","1.336"
297,"1.029","1.045","0.985","0.769"
298,"1.014","1.098","0.924","0.764"
299,"0.992","1.033","0.961","0.877"
300,"1.488","0.819","1.818","4.061"
301,"1.032","1.010","1.022","1.173"
302,"1.228","1.056","1.163","0.370"
303,"0.989","0.980","1.009","1.591"
304,"1.168","0.848","1.378","5.777"
305,"1.012","1.060","0.955","0.784"
306,"1.580","0.978","1.615","1.547"
307,"1.081","1.155","0.935","0.908"
308,"0.932","1.028","0.907","0.747"
309,"1.003","0.998","1.005","1.465"
310,"1.066","0.899","1.186","1.095"
311,"1.090","0.986","1.105","1.340"
312,"1.018","1.004","1.013","1.183"
313,"1.252","1.024","1.223","0.920"
314,"0.906","0.902","1.005","1.376"
315,"0.676","0.830","0.814","0.821"
316,"1.043","1.023","1.019","1.174"
317,"1.065","1.025","1.039","1.202"
318,"1.020","0.962","1.060","0.711"
319,"1.138","1.057","1.077","1.195"
320,"0.780","0.939","0.831","3.012"
321,"1.017","0.991","1.027","1.253"
322,"1.016","0.982","1.035","1.628"
323,"1.077","1.018","1.057","1.082"
324,"1.066","1.018","1.047","1.137"
325,"1.137","1.076","1.056","0.783"
326,"1.049","1.048","1.001","0.770"
327,"1.074","0.998","1.077","1.063"
328,"1.058","1.122","0.943","0.917"
329,"0.765","0.939","0.814","2.939"
330,"0.928","0.971","0.956","0.991"
331,"1.105","1.043","1.059","1.272"
332,"1.166","0.890","1.310","1.894"
333,"0.505","0.828","0.610","2.207"
334,"1.033","0.987","1.047","0.793"
335,"1.091","1.030","1.059","1.068"
336,"1.730","0.781","2.214","7.379"
337,"1.014","0.994","1.020","1.335"
338,"0.932","0.981","0.949","0.946"
339,"0.917","0.979","0.937","1.200"
340,"0.957","0.987","0.969","0.903"
341,"0.973","1.028","0.947","0.562"
342,"1.039","0.994","1.045","1.190"
343,"1.102","0.921","1.196","1.449"
344,"1.835","0.770","2.384","5.748"
345,"1.127","1.021","1.105","1.123"
346,"0.999","1.006","0.993","0.836"
347,"1.002","0.986","1.016","1.193"
348,"1.034","1.004","1.029","1.131"
349,"1.112","1.053","1.056","1.218"
350,"1.021","1.025","0.996","0.971"
351,"4.021","4.156","0.968","1.664"
352,"1.028","1.056","0.973","1.201"
353,"1.012","1.013","0.998","1.521"
354,"1.055","1.039","1.016","1.310"
355,"1.071","1.048","1.022","0.817"
356,"1.099","1.039","1.057","1.082"
357,"1.104","1.034","1.068","1.229"
358,"1.055","1.047","1.007","1.444"
359,"0.931","0.969","0.961","1.305"
360,"1.007","0.983","1.024","1.566"
361,"0.994","0.975","1.020","1.422"
362,"0.999","1.054","0.948","0.927"
363,"0.546","0.474","1.152","0.729"
364,"0.991","0.977","1.014","0.849"
365,"1.075","1.050","1.024","1.279"
366,"1.050","1.003","1.047","0.907"
367,"1.051","1.003","1.048","1.290"
368,"0.949","0.923","1.029","0.460"
369,"1.038","1.001","1.036","1.196"
370,"1.001","0.979","1.022","1.355"
371,"1.094","1.028","1.065","0.924"
372,"0.998","0.993","1.006","1.046"
373,"1.065","1.083","0.983","1.026"
374,"1.023","1.024","1.000","0.739"
375,"0.689","0.860","0.801","1.152"
376,"0.866","0.946","0.916","1.078"
377,"1.079","0.975","1.106","1.363"
378,"1.014","0.953","1.064","1.359"
379,"1.016","0.995","1.022","1.208"
380,"1.230","1.113","1.105","0.288"
381,"0.677","0.959","0.706","1.434"
382,"1.061","1.070","0.991","0.967"
383,"1.247","0.943","1.322","0.262"
384,"1.052","1.025","1.027","1.148"
385,"1.013","0.998","1.014","0.872"
386,"1.104","1.073","1.029","1.212"
387,"0.842","0.972","0.867","0.551"
388,"1.048","1.085","0.965","0.947"
389,"0.533","0.912","0.584","63.108"
390,"1.067","1.061","1.006","0.853"
391,"1.049","1.063","0.987","0.878"
392,"0.835","0.984","0.848","0.398"
393,"2.130","0.960","2.220","1.346"
394,"1.020","1.077","0.947","0.395"
395,"1.034","0.884","1.169","2.190"
396,"1.030","1.006","1.024","1.145"
397,"1.036","0.994","1.042","1.367"
398,"0.940","0.995","0.944","0.791"
399,"1.082","1.059","1.021","1.269"
400,"0.899","0.975","0.921","0.800"
401,"1.005","0.984","1.021","1.305"
402,"1.017","1.002","1.015","1.224"
403,"0.823","0.887","0.928","1.362"
404,"1.054","1.099","0.959","0.984"
405,"1.154","1.073","1.075","1.102"
406,"0.704","0.879","0.800","2.218"
407,"1.836","0.978","1.878","1.358"
408,"0.739","0.786","0.940","2.022"
409,"1.006","0.955","1.053","1.046"
410,"1.046","1.061","0.986","0.871"
411,"0.984","1.048","0.939","0.959"
412,"1.088","1.013","1.074","0.728"
413,"1.011","1.015","0.996","1.084"
414,"1.184","1.173","1.009","0.469"
415,"0.917","0.950","0.966","0.629"
416,"1.025","1.018","1.006","0.791"
417,"0.858","1.055","0.814","1.192"
418,"0.889","1.027","0.865","0.765"
419,"0.978","1.041","0.940","0.926"
420,"0.981","1.058","0.927","1.082"
421,"0.760","0.909","0.836","2.462"
422,"1.040","0.978","1.064","1.145"
423,"1.290","0.960","1.343","1.753"
424,"1.031","1.000","1.031","1.182"
425,"0.888","0.896","0.992","1.190"
426,"0.995","1.081","0.921","0.559"
427,"1.118","1.078","1.038","1.146"
428,"3.113","3.135","0.993","5.476"
429,"1.065","1.060","1.004","0.523"
430,"1.046","1.034","1.011","1.231"
431,"0.992","0.981","1.012","0.829"
432,"0.678","0.646","1.050","0.958"
433,"0.521","0.747","0.697","4.945"
434,"0.932","1.002","0.931","0.454"
435,"1.023","1.055","0.969","0.986"
436,"1.042","1.039","1.003","1.273"
437,"0.693","0.629","1.100","1.210"
438,"1.125","1.090","1.032","0.782"
439,"1.013","0.992","1.021","1.326"
440,"0.738","0.926","0.798","1.699"
441,"0.763","0.960","0.795","1.877"
442,"1.041","1.005","1.036","0.775"
443,"1.004","0.993","1.011","0.970"
444,"1.000","1.041","0.961","0.947"
445,"0.844","0.980","0.861","1.082"
446,"1.149","1.192","0.964","0.451"
447,"1.007","0.993","1.013","1.094"
448,"1.062","1.014","1.048","1.173"
449,"1.071","1.051","1.019","1.254"
450,"0.967","1.051","0.919","0.980"
451,"1.150","1.077","1.068","1.248"
452,"1.049","1.050","0.999","1.393"
453,"1.071","1.096","0.978","0.912"
454,"1.044","1.024","1.019","1.340"
455,"1.015","1.021","0.994","0.986"
456,"1.065","1.021","1.043","1.283"
457,"1.027","0.973","1.055","1.115"
458,"0.998","0.987","1.011","1.334"
459,"0.969","0.981","0.988","0.929"
460,"0.998","0.976","1.023","1.689"
461,"1.030","1.006","1.023","1.249"
462,"1.013","1.071","0.946","0.367"
463,"1.066","1.062","1.003","1.156"
464,"0.962","0.975","0.987","1.032"
465,"0.798","0.960","0.831","2.507"
466,"0.971","1.029","0.944","0.967"
467,"0.876","0.984","0.891","0.862"
468,"1.012","1.013","0.998","1.521"
469,"0.953","0.977","0.976","0.931"
470,"1.127","1.021","1.105","1.123"
471,"1.010","0.982","1.029","1.525"
472,"0.933","0.985","0.947","1.376"
473,"0.956","0.985","0.971","0.865"
474,"0.942","1.008","0.935","0.763"
475,"1.066","1.035","1.030","0.664"
476,"0.971","0.980","0.991","0.574"
477,"6.727","0.956","7.040","4.257"
478,"1.768","2.195","0.805","3.972"
479,"1.003","0.990","1.014","1.358"
480,"1.115","1.047","1.065","1.142"
481,"0.701","0.917","0.764","2.595"
482,"1.014","0.990","1.025","1.303"
483,"1.044","0.981","1.064","1.302"
484,"0.953","1.021","0.933","0.759"
485,"0.721","0.960","0.751","1.802"
486,"1.021","1.045","0.977","0.961"
487,"1.035","0.991","1.045","1.138"
488,"1.020","0.991","1.029","1.358"
489,"1.174","1.272","0.923","1.349"
490,"1.230","1.207","1.020","0.583"
491,"1.038","1.049","0.990","0.956"
492,"1.164","1.063","1.095","0.926"
493,"1.221","1.555","0.785","1.650"
494,"1.014","1.018","0.996","1.590"
495,"0.630","0.854","0.738","2.575"
496,"0.934","0.980","0.953","1.019"
497,"0.928","0.972","0.954","0.969"
498,"1.417","1.026","1.382","1.222"
499,"0.986","1.025","0.962","0.298"
500,"1.060","1.042","1.017","0.623"
501,"1.033","1.004","1.029","1.317"
502,"1.187","1.133","1.047","0.430"
503,"1.059","1.110","0.954","0.990"
504,"1.078","1.051","1.025","1.236"
505,"1.110","1.093","1.016","1.402"
506,"0.989","0.980","1.009","1.591"
507,"1.073","1.046","1.026","1.279"
508,"0.921","0.919","1.003","0.895"
509,"1.649","0.866","1.904","3.325"
510,"1.104","1.039","1.062","1.165"
511,"0.986","0.983","1.003","0.818"
512,"0.917","0.965","0.950","1.049"
513,"1.089","1.056","1.032","0.701"
514,"1.048","1.059","0.990","0.543"
515,"0.985","1.060","0.930","1.039"
516,"0.892","0.922","0.968","0.975"
517,"1.011","0.983","1.029","1.419"
518,"1.023","0.979","1.046","1.124"
519,"1.111","1.084","1.025","1.360"
520,"1.013","0.990","1.023","0.946"
521,"1.317","1.151","1.144","0.838"
522,"1.031","1.017","1.014","1.155"
523,"0.646","0.846","0.764","2.610"
524,"1.001","0.973","1.028","0.829"
525,"0.890","0.978","0.910","1.081"
526,"1.069","1.019","1.049","1.392"
527,"1.000","1.000","1.000","1.000"
528,"1.000","1.000","1.000","1.000"
529,"0.686","0.882","0.778","2.016"
530,"2.182","2.717","0.803","10.867"
531,"1.792","1.858","0.964","4.236"
532,"1.267","1.204","1.052","0.448"
533,"0.968","0.985","0.982","1.064"
534,"0.916","0.954","0.960","0.536"
535,"1.095","1.109","0.987","0.366"
536,"1.032","1.010","1.022","1.173"
537,"1.275","1.218","1.047","0.423"
538,"0.928","1.009","0.920","0.958"
539,"1.002","0.987","1.015","1.457"
540,"1.052","1.032","1.020","0.759"
541,"0.987","0.960","1.028","0.830"
542,"1.006","1.039","0.969","0.678"
543,"0.931","0.959","0.970","1.395"
544,"1.186","1.090","1.088","1.042"
545,"0.923","1.106","0.834","0.760"
546,"0.855","1.009","0.847","1.118"
547,"1.078","0.973","1.108","0.885"
548,"1.056","1.027","1.028","1.164"
549,"1.016","0.982","1.035","1.628"
550,"1.030","1.006","1.024","1.145"
551,"1.029","0.970","1.061","1.358"
552,"1.019","0.999","1.020","1.090"
553,"1.015","0.992","1.023","1.255"
554,"1.168","1.071","1.091","1.117"
555,"0.767","0.958","0.800","1.776"
556,"1.022","0.975","1.047","1.165"
557,"1.314","1.004","1.309","0.466"
558,"1.056","1.018","1.038","0.603"
559,"0.982","0.804","1.222","4.252"
560,"1.003","0.999","1.004","0.928"
561,"1.010","0.994","1.017","1.303"
562,"0.701","0.935","0.750","0.884"
563,"1.069","1.049","1.019","1.298"
564,"0.998","0.948","1.052","1.214"
565,"1.464","1.026","1.427","1.424"
566,"1.115","0.844","1.321","1.097"
567,"0.988","1.044","0.946","0.734"
568,"0.733","0.906","0.809","1.028"
569,"0.786","0.947","0.829","1.526"
570,"1.106","1.034","1.070","1.301"
571,"1.012","1.001","1.011","1.340"
572,"0.964","0.979","0.984","1.001"
573,"0.956","1.034","0.924","1.005"
574,"1.080","1.108","0.974","0.813"
575,"1.036","1.033","1.003","1.391"
576,"1.032","0.991","1.041","1.186"
577,"1.031","0.996","1.035","1.409"
578,"1.120","1.016","1.102","1.379"
579,"1.504","0.930","1.618","3.608"
580,"1.079","1.078","1.001","0.606"
581,"0.921","0.918","1.004","4.343"
582,"1.062","1.038","1.023","1.334"
583,"0.601","0.828","0.726","3.060"
584,"0.955","0.903","1.058","1.673"
585,"1.042","1.011","1.031","1.139"
586,"0.909","1.023","0.889","0.902"
587,"1.000","1.000","1.000","1.000"
588,"1.000","1.000","1.000","1.000"
589,"1.000","1.000","1.000","1.000"
590,"1.000","1.000","1.000","1.000"
591,"1.000","1.000","1.000","1.000"
592,"1.000","1.000","1.000","1.000"
593,"1.000","1.000","1.000","1.000"
594,"1.000","1.000","1.000","1.000"
595,"1.000","1.000","1.000","1.000"
596,"1.000","1.000","1.000","1.000"
597,"1.000","1.000","1.000","1.000"
598,"1.000","1.000","1.000","1.000"
599,"1.000","1.000","1.000","1.000"
600,"1.000","1.000","1.000","1.000"
601,"1.000","1.000","1.000","1.000"
602,"1.000","1.000","1.000","1.000"
603,"1.000","1.000","1.000","1.000"
604,"1.000","1.000","1.000","1.000"
605,"1.000","1.000","1.000","1.000"
606,"1.000","1.000","1.000","1.000"
607,"1.000","1.000","1.000","1.000"
608,"1.000","1.000","1.000","1.000"
609,"1.000","1.000","1.000","1.000"
610,"1.000","1.000","1.000","1.000"
