Site,Partition,alpha,beta,omega,alpha=beta,LRT,p-value,Total branch length
1,1,0,0,NaN,0,0,1,0
2,1,0,0,NaN,0,0,1,0
3,1,0,0,NaN,0,0,1,0
4,1,0,0,NaN,0,0,1,0
5,1,0,0,NaN,0,0,1,0
6,1,0,0,NaN,0,0,1,0
7,1,0,0,NaN,0,0,1,0
8,1,0,0,NaN,0,0,1,0
9,1,0,0,NaN,0,0,1,0
10,1,0,0,NaN,0,0,1,0
11,1,0,0,NaN,0,0,1,0
12,1,0,0,NaN,0,0,1,0
13,1,0,0,NaN,0,0,1,0
14,1,0,0,NaN,0,0,1,0
15,1,0,0,NaN,0,0,1,0
16,1,0,0,NaN,0,0,1,0
17,1,0,0,NaN,0,0,1,0
18,1,0,0,NaN,0,0,1,0
19,1,0,0,NaN,0,0,1,0
20,1,0,0,NaN,0,0,1,0
21,1,10000,0.303,0,0.312,0.732,0.392,11663.109
22,1,0,0.85,Infinity,0.696,0.978,0.323,2.867
23,1,0.793,0.349,0.441,0.395,0.184,0.668,2.102
24,1,14.562,0.624,0.043,1.654,7.417,0.006,19.086
25,1,3.955,0.801,0.202,1.297,1.75,0.186,7.312
26,1,1.873,0.535,0.285,0.812,1.261,0.261,3.987
27,1,20.354,0.898,0.044,4.749,4.924,0.026,26.763
28,1,4.814,0.303,0.063,1.178,7.138,0.008,6.635
29,1,2.825,0.961,0.34,1.51,1.197,0.274,6.534
30,1,0.415,0.282,0.68,0.318,0.079,0.779,1.436
31,1,0.938,0.56,0.597,0.663,0.27,0.603,2.984
32,1,0.629,0.18,0.287,0.28,0.55,0.458,1.342
33,1,0.438,1.201,2.74,1.07,0.521,0.47,4.56
34,1,1.265,0.173,0.136,0.41,2.264,0.132,2.057
35,1,0.617,1.058,1.715,0.912,0.149,0.699,4.285
36,1,2.679,0.672,0.251,1.029,1.244,0.265,5.389
37,1,2.507,0.252,0.101,0.53,4.339,0.037,3.774
38,1,1.171,0.911,0.778,0.963,0.034,0.854,4.437
39,1,2.941,0.496,0.169,0.792,2.246,0.134,5.103
40,1,4.687,0,0,0.324,15.164,0,5.466
41,1,1.206,1.881,1.56,1.708,0.069,0.793,7.749
42,1,2.532,0.337,0.133,0.556,3.103,0.078,4.088
43,1,0,1.324,Infinity,0.779,4.079,0.043,4.464
44,1,0.324,0.559,1.727,0.472,0.151,0.698,2.261
45,1,0,1.242,Infinity,0.867,0.392,0.531,4.187
46,1,1.071,1.484,1.386,1.364,0.089,0.766,6.254
47,1,2.105,1.13,0.537,1.393,0.341,0.559,6.264
48,1,2.177,0.75,0.345,1.149,1.282,0.258,5.067
49,1,0,0.24,Infinity,0.211,0.58,0.446,0.808
50,1,3.27,0,0,0.454,3.128,0.077,3.813
51,1,0,0,NaN,0,0,1,0
52,1,0,16.69,Infinity,84.028,0.034,0.854,56.268
53,1,0,0,NaN,0,0,1,0
54,1,0,0,NaN,0,0,1,0
55,1,0,0,NaN,0,0,1,0
56,1,0.622,0.174,0.279,0.283,0.614,0.433,1.311
57,1,0,1.649,Infinity,1.11,2.588,0.108,5.559
58,1,0.253,0,0,0.06,2.747,0.097,0.295
59,1,0,0.111,Infinity,0.077,0.711,0.399,0.373
60,1,1.631,0,0,0.426,9.396,0.002,1.902
61,1,0.8,0,0,0.09,3.791,0.052,0.933
62,1,11.156,0,0,0.398,17.742,0,13.011
63,1,0.286,0,0,0.074,2.606,0.106,0.334
64,1,0.567,0.359,0.634,0.401,0.102,0.75,1.873
65,1,3.198,0.563,0.176,0.76,2.281,0.131,5.628
66,1,0.3,0,0,0.082,2.398,0.121,0.35
67,1,0.475,0.534,1.122,0.519,0.006,0.936,2.353
68,1,0,0,NaN,0,0,1,0
69,1,1.033,0.274,0.266,0.42,0.955,0.328,2.13
70,1,3.314,0,0,0.18,10.15,0.001,3.865
71,1,0.28,0.542,1.938,0.427,0.266,0.606,2.152
72,1,2.473,0.951,0.385,1.286,1.195,0.274,6.091
73,1,17.336,0,0,0.395,21.525,0,20.217
74,1,2.86,0.866,0.303,1.238,1.338,0.247,6.255
75,1,0.348,0.478,1.373,0.448,0.063,0.802,2.016
76,1,0.911,0,0,0.095,4.226,0.04,1.063
77,1,1.912,0.326,0.171,0.515,2.532,0.112,3.329
78,1,5.909,0.479,0.081,0.663,2.715,0.099,8.508
79,1,2.193,0.287,0.131,0.646,3.751,0.053,3.524
80,1,0.721,0.257,0.357,0.371,0.803,0.37,1.708
81,1,0.406,0.268,0.659,0.303,0.089,0.766,1.377
82,1,2.763,0.323,0.117,0.621,3.343,0.068,4.312
83,1,0,0.103,Infinity,0.085,0.364,0.547,0.346
84,1,0.013,0.251,19.699,0.173,0.147,0.701,0.862
85,1,0.177,0.134,0.755,0.151,0.032,0.858,0.657
86,1,1.248,0,0,0.094,4.494,0.034,1.455
87,1,3.711,0,0,0.087,4.967,0.026,4.328
88,1,0.805,0,0,0.075,4.165,0.041,0.938
89,1,3.516,0.403,0.115,0.694,3.929,0.047,5.459
90,1,0.258,0.255,0.988,0.256,0,0.992,1.162
91,1,0.382,0.287,0.751,0.317,0.049,0.825,1.414
92,1,4.092,0.366,0.09,0.972,8.082,0.004,6.007
93,1,0.336,1.602,4.772,1.019,0.782,0.377,5.793
94,1,1.693,0.201,0.119,0.485,2.858,0.091,2.654
95,1,0,0,NaN,0,0,1,0
96,1,1.87,0,0,0.178,7.897,0.005,2.181
97,1,3.656,0,0,0.197,9.304,0.002,4.263
98,1,0,0,NaN,0,0,1,0
99,1,1.708,0.27,0.158,0.413,1.903,0.168,2.903
100,1,3.316,0,0,0.283,12.649,0,3.867
101,1,0.987,0.091,0.092,0.239,3.753,0.053,1.459
102,1,0,0.409,Infinity,0.374,0.52,0.471,1.38
103,1,1.374,0.253,0.184,0.514,2.826,0.093,2.457
104,1,0.89,0.124,0.139,0.306,2.585,0.108,1.456
105,1,5.287,0.326,0.062,0.762,8.264,0.004,7.263
106,1,0,0,NaN,0,0,1,0
107,1,0.68,0,0,0.075,4.122,0.042,0.793
108,1,0.726,0.251,0.346,0.381,0.902,0.342,1.695
109,1,0.347,0.648,1.864,0.542,0.223,0.637,2.589
110,1,0.969,0.236,0.244,0.37,1.283,0.257,1.927
111,1,0.368,0.223,0.607,0.256,0.128,0.72,1.183
112,1,1.26,0,0,0.2,7.137,0.008,1.469
113,1,4.738,0.862,0.182,1.022,0.563,0.453,8.431
114,1,5.183,0,0,0.192,10.33,0.001,6.044
115,1,0.206,0.587,2.846,0.5,0.284,0.594,2.219
116,1,1.82,0,0,0.233,10.814,0.001,2.123
117,1,7.986,0,0,0.456,20.241,0,9.314
118,1,1.096,0,0,0.127,4.657,0.031,1.278
119,1,2.041,0,0,0.309,10.625,0.001,2.38
120,1,0.678,0.096,0.141,0.173,1.539,0.215,1.113
121,1,0.698,0.092,0.131,0.163,1.57,0.21,1.124
122,1,0.784,0,0,0.088,4.406,0.036,0.914
123,1,1.374,0.208,0.151,0.288,1.293,0.255,2.304
124,1,5.121,0.233,0.045,0.831,10.217,0.001,6.756
125,1,0,0,NaN,0,0,1,0
126,1,0.579,0.145,0.251,0.241,0.706,0.401,1.164
127,1,0.684,0,0,0.131,6.323,0.012,0.798
128,1,1.385,0,0,0.271,8.35,0.004,1.615
129,1,0.475,0.281,0.592,0.342,0.113,0.737,1.503
130,1,0.911,0,0,0.113,3.898,0.048,1.063
131,1,0.35,0.138,0.395,0.229,0.581,0.446,0.873
132,1,3.127,0,0,0.634,16.573,0,3.647
133,1,0.463,0.214,0.463,0.26,0.279,0.597,1.261
134,1,2.461,0.312,0.127,0.518,2.121,0.145,3.921
135,1,1.374,0.116,0.084,0.273,2.634,0.105,1.992
136,1,2.698,0.252,0.093,0.493,3.552,0.059,3.997
137,1,1.881,0.279,0.148,0.548,3.407,0.065,3.133
138,1,5.859,0,0,0.49,15.335,0,6.833
139,1,0.605,0,0,0.164,4.902,0.027,0.706
140,1,2.053,0.306,0.149,0.732,3.903,0.048,3.427
141,1,0,0,NaN,0,0,1,0
142,1,0,0.472,Infinity,0.31,0.973,0.324,1.591
143,1,1.816,0.131,0.072,0.482,5.628,0.018,2.56
144,1,5.241,0.347,0.066,0.635,3.253,0.071,7.281
145,1,0.262,0.272,1.038,0.268,0.001,0.977,1.221
146,1,7.137,0.219,0.031,0.474,5.465,0.019,9.061
147,1,0.317,0.146,0.459,0.223,0.422,0.516,0.862
148,1,0.619,0.247,0.399,0.354,0.676,0.411,1.554
149,1,0.576,0.198,0.344,0.254,0.527,0.468,1.34
150,1,2.152,0.4,0.186,0.665,2.622,0.105,3.857
151,1,1.698,0.229,0.135,0.347,1.953,0.162,2.751
152,1,0.252,0,0,0.079,2.209,0.137,0.293
153,1,4.481,0.59,0.132,1.147,3.621,0.057,7.216
154,1,1.466,0,0,0.159,7.735,0.005,1.709
155,1,0.304,0,0,0.082,2.402,0.121,0.355
156,1,0.324,0,0,0.075,2.727,0.099,0.378
157,1,0.348,0.131,0.377,0.195,0.435,0.51,0.848
158,1,0.582,0,0,0.219,4.956,0.026,0.679
159,1,7.107,0.691,0.097,1.038,3.742,0.053,10.619
160,1,0,0.39,Infinity,0.26,1.042,0.307,1.315
161,1,1.407,0.252,0.179,0.376,1.4,0.237,2.492
162,1,0.416,0.324,0.778,0.344,0.033,0.855,1.577
163,1,0,0.087,Infinity,0.072,0.373,0.541,0.293
164,1,61.609,0,0,0.766,3.787,0.052,71.849
165,1,0.411,0.131,0.319,0.195,0.518,0.472,0.921
166,1,1.273,0.127,0.099,0.32,3.158,0.076,1.911
167,1,0,0,NaN,0,0,1,0
168,1,0.632,0.099,0.157,0.174,1.199,0.273,1.071
169,1,1.597,0.145,0.091,0.445,4.041,0.044,2.35
170,1,0.972,0,0,0.156,3.384,0.066,1.133
171,1,4.493,0.432,0.096,1.083,5.648,0.017,6.695
172,1,0.516,0,0,0.082,3.557,0.059,0.602
173,1,0.411,0,0,0.08,3.129,0.077,0.479
174,1,0.919,1.053,1.145,1.019,0.014,0.907,4.621
175,1,2.496,0,0,0.249,11.509,0.001,2.911
176,1,0.286,0.395,1.38,0.379,0.019,0.891,1.665
177,1,0.548,1.72,3.141,1.158,0.459,0.498,6.439
178,1,3.937,1.348,0.342,2.341,0.211,0.646,9.135
179,1,0,0.586,Infinity,0.414,1.154,0.283,1.975
180,1,1.962,0.423,0.216,0.718,2.25,0.134,3.715
181,1,0.251,0.387,1.539,0.347,0.115,0.735,1.596
182,1,2.039,0.322,0.158,0.597,3.121,0.077,3.462
183,1,1.262,0,0,0.291,7.653,0.006,1.472
184,1,1.18,0,0,0.15,7.686,0.006,1.377
185,1,0.367,0.256,0.698,0.283,0.065,0.799,1.293
186,1,0.326,0,0,0.083,2.694,0.101,0.38
187,1,3.601,2.861,0.795,3.059,0.046,0.83,13.846
188,1,0.819,0.129,0.158,0.304,2.147,0.143,1.39
189,1,0.42,1.698,4.044,1.306,0.883,0.347,6.215
190,1,0.355,0.119,0.336,0.179,0.514,0.473,0.816
191,1,0,0.213,Infinity,0.156,1.219,0.269,0.717
192,1,1.85,0.194,0.105,0.335,3.292,0.07,2.812
193,1,4.463,0,0,0.145,10.66,0.001,5.204
194,1,1.593,0,0,0.268,12.604,0,1.857
195,1,0,0.104,Infinity,0.081,0.484,0.486,0.352
196,1,0.676,0.113,0.167,0.252,2.065,0.151,1.168
197,1,1.85,0,0,0.253,10.294,0.001,2.157
198,1,0.336,0,0,0.081,2.752,0.097,0.392
199,1,0.693,0.098,0.141,0.173,1.53,0.216,1.137
200,1,0.273,0,0,0.083,2.182,0.14,0.318
201,1,0.571,0,0,0.133,5.482,0.019,0.666
202,1,1.417,0,0,0.167,7.111,0.008,1.652
203,1,0.219,0,0,0.069,2.276,0.131,0.255
204,1,0.588,0.384,0.653,0.448,0.174,0.677,1.98
205,1,0.308,0,0,0.09,2.424,0.119,0.359
206,1,1.323,0.644,0.487,0.748,0.324,0.569,3.716
207,1,0.565,0.32,0.567,0.348,0.126,0.722,1.738
208,1,0.739,0,0,0.135,6.674,0.01,0.861
209,1,0,0.859,Infinity,0.582,4.155,0.042,2.895
210,1,1.958,0.108,0.055,0.391,5.831,0.016,2.65
211,1,3.639,1.056,0.29,1.629,1.108,0.293,7.805
212,1,0.229,0.121,0.528,0.157,0.181,0.67,0.675
213,1,2.265,0.252,0.111,0.712,5.552,0.018,3.491
214,1,1.073,0,0,0.269,6.877,0.009,1.252
215,1,1.694,0,0,0.258,10.594,0.001,1.976
216,1,1.121,0,0,0.178,6.975,0.008,1.307
217,1,1.782,0,0,0.184,7.548,0.006,2.078
218,1,0.427,0.224,0.524,0.266,0.216,0.642,1.252
219,1,1.584,0.101,0.064,0.368,4.587,0.032,2.189
220,1,0.593,0.112,0.189,0.247,1.841,0.175,1.069
221,1,0.271,0.122,0.451,0.169,0.29,0.59,0.728
222,1,1.006,0.223,0.221,0.412,2.222,0.136,1.925
223,1,3.282,0.118,0.036,0.316,4.873,0.027,4.226
224,1,0.873,0.218,0.25,0.301,0.838,0.36,1.752
225,1,0.358,0,0,0.075,3.002,0.083,0.418
226,1,1.711,0.29,0.169,0.468,1.451,0.228,2.974
227,1,0,0.783,Infinity,0.653,0.809,0.368,2.639
228,1,0.387,0,0,0.091,2.985,0.084,0.451
229,1,0,0,NaN,0,0,1,0
230,1,0,0.118,Infinity,0.081,0.75,0.386,0.398
231,1,1.843,0.137,0.074,0.398,4.138,0.042,2.611
232,1,0.512,0,0,0.159,4.355,0.037,0.597
233,1,2.338,0.125,0.054,0.583,7.406,0.007,3.149
234,1,0.336,0,0,0.077,2.845,0.092,0.392
235,1,0.3,0,0,0.062,2.941,0.086,0.35
236,1,2.006,0,0,0.175,8.246,0.004,2.339
237,1,0.23,0.272,1.185,0.262,0.007,0.931,1.186
238,1,1.707,0.712,0.417,0.894,0.557,0.455,4.39
239,1,0,0.12,Infinity,0.09,0.545,0.46,0.403
240,1,0.434,0.556,1.283,0.52,0.035,0.851,2.381
241,1,2.941,0.111,0.038,0.377,5.674,0.017,3.805
242,1,0.99,0.225,0.227,0.386,1.452,0.228,1.913
243,1,1.403,0.217,0.154,0.427,2.663,0.103,2.366
244,1,0.486,0.122,0.252,0.191,0.766,0.381,0.98
245,1,8.027,0,0,0.397,17.127,0,9.361
246,1,1.156,0.201,0.173,0.444,0.874,0.35,2.024
247,1,2.128,0,0,0.096,4.888,0.027,2.482
248,1,1.804,0,0,0.324,10.541,0.001,2.104
249,1,0,0.864,Infinity,0.683,0.397,0.528,2.914
250,1,1.371,0.669,0.488,0.849,0.373,0.541,3.855
251,1,6.441,0.186,0.029,0.279,2.741,0.098,8.138
252,1,1.051,0.396,0.377,0.541,0.932,0.334,2.559
253,1,0,0.63,Infinity,0.494,1.511,0.219,2.123
254,1,2.046,0.253,0.124,0.376,1.876,0.171,3.24
255,1,0,0.346,Infinity,0.242,2.049,0.152,1.167
256,1,0,1.085,Infinity,0.669,1.245,0.265,3.659
257,1,0.516,0,0,0.082,3.557,0.059,0.602
258,1,0.911,0,0,0.095,4.213,0.04,1.063
259,1,0,0.22,Infinity,0.158,1.296,0.255,0.741
260,1,0.909,0.554,0.609,0.619,0.144,0.704,2.928
261,1,0,0.37,Infinity,0.294,1.234,0.267,1.247
262,1,0.308,0.09,0.293,0.138,0.624,0.43,0.663
263,1,0,0.106,Infinity,0.089,0.337,0.562,0.357
264,1,5.814,0,0,0.263,15.291,0,6.781
265,1,1.05,0,0,0.235,8.008,0.005,1.225
266,1,1.21,0.105,0.086,0.337,4.4,0.036,1.764
267,1,0.273,0.105,0.384,0.151,0.395,0.53,0.672
268,1,5.857,0.093,0.016,0.286,8.478,0.004,7.146
269,1,1.536,0.215,0.14,0.362,2.658,0.103,2.517
270,1,0.842,1.106,1.314,1.011,0.028,0.866,4.711
271,1,0.845,0.096,0.114,0.162,1.429,0.232,1.309
272,1,3.839,0.085,0.022,0.223,5.793,0.016,4.764
273,1,1.399,0.346,0.247,0.449,0.867,0.352,2.798
274,1,1.357,0.104,0.076,0.2,2.53,0.112,1.932
275,1,0.591,0.515,0.871,0.537,0.01,0.918,2.427
276,1,0.676,0.248,0.367,0.294,0.201,0.654,1.625
277,1,0.703,0,0,0.154,5.099,0.024,0.82
278,1,4.104,0,0,0.343,15.162,0,4.786
279,1,0.304,0,0,0.062,2.944,0.086,0.355
280,1,0.952,0.124,0.131,0.345,3.384,0.066,1.53
281,1,0.402,0.133,0.33,0.196,0.527,0.468,0.916
282,1,0.391,0,0,0.09,2.835,0.092,0.456
283,1,0.73,0,0,0.075,4.105,0.043,0.851
284,1,0.318,0,0,0.063,3.077,0.079,0.371
285,1,0,0.269,Infinity,0.178,1.568,0.21,0.908
286,1,2.038,0,0,0.181,9.418,0.002,2.376
287,1,0.653,0.341,0.523,0.429,0.319,0.572,1.912
288,1,24.897,0.107,0.004,0.503,15.954,0,29.397
289,1,0.514,0,0,0.104,3.097,0.078,0.599
290,1,0,0,NaN,0,0,1,0
291,1,0.34,1.354,3.978,0.919,0.674,0.412,4.963
292,1,0.708,0.319,0.45,0.361,0.291,0.589,1.9
293,1,5.447,0.6,0.11,0.934,4.488,0.034,8.376
294,1,2.203,0.169,0.077,0.258,1.453,0.228,3.137
295,1,0,0.219,Infinity,0.167,1.03,0.31,0.737
296,1,0.281,0,0,0.062,2.89,0.089,0.328
297,1,1.166,0.129,0.111,0.26,2.155,0.142,1.797
298,1,0.629,0.241,0.383,0.309,0.465,0.495,1.547
299,1,1.571,0.271,0.172,0.517,2.004,0.157,2.745
300,1,3.512,1.276,0.363,1.761,1.345,0.246,8.396
301,1,2.059,0,0,0.196,8.698,0.003,2.401
302,1,5.422,0.751,0.138,1.5,4.733,0.03,8.854
303,1,0,0,NaN,0,0,1,0
304,1,0.914,1.166,1.275,1.113,0.031,0.86,4.995
305,1,1.701,0.195,0.115,0.376,1.996,0.158,2.642
306,1,1.767,0.587,0.332,0.817,0.952,0.329,4.04
307,1,0.811,0.25,0.309,0.361,0.916,0.338,1.789
308,1,1.339,0.098,0.073,0.266,3.81,0.051,1.892
309,1,0.492,0,0,0.079,3.399,0.065,0.573
310,1,0.761,0.49,0.644,0.568,0.178,0.673,2.54
311,1,0.857,0.241,0.281,0.372,1.324,0.25,1.81
312,1,0.491,0,0,0.1,2.945,0.086,0.573
313,1,0.769,0.428,0.557,0.549,0.408,0.523,2.341
314,1,1.893,0.489,0.258,0.714,1.51,0.219,3.855
315,1,1.079,0.14,0.13,0.333,2.463,0.117,1.73
316,1,1.773,0,0,0.196,8.745,0.003,2.068
317,1,0.21,0,0,0.067,2.177,0.14,0.245
318,1,0.797,0.124,0.156,0.287,2.284,0.131,1.347
319,1,1.023,0,0,0.231,7.888,0.005,1.193
320,1,0,0.326,Infinity,0.224,1.429,0.232,1.097
321,1,1.258,0,0,0.091,4.35,0.037,1.467
322,1,0,0,NaN,0,0,1,0
323,1,1.55,0,0,0.341,10.3,0.001,1.808
324,1,0.268,0,0,0.079,2.28,0.131,0.313
325,1,0.663,0.112,0.169,0.182,1.166,0.28,1.152
326,1,4.517,0.102,0.023,0.42,9.96,0.002,5.611
327,1,0.506,0,0,0.076,3.677,0.055,0.59
328,1,2.983,0.266,0.089,0.889,6.898,0.009,4.375
329,1,1.076,0.637,0.592,0.706,0.124,0.725,3.403
330,1,1.174,0.095,0.081,0.197,2.74,0.098,1.689
331,1,0.955,0,0,0.205,5.766,0.016,1.114
332,1,2.703,0.399,0.148,0.721,3.772,0.052,4.497
333,1,2.195,0.414,0.189,0.624,1.608,0.205,3.956
334,1,0.636,0.101,0.159,0.183,1.221,0.269,1.083
335,1,3.842,0,0,0.389,12.618,0,4.48
336,1,3.639,1.332,0.366,1.741,0.985,0.321,8.733
337,1,0.626,0,0,0.087,3.81,0.051,0.73
338,1,2.083,0.101,0.048,0.46,8.587,0.003,2.768
339,1,9.399,0,0,0.269,13.265,0,10.961
340,1,0.867,0.126,0.146,0.293,2.198,0.138,1.437
341,1,1.745,0.239,0.137,0.413,2.502,0.114,2.84
342,1,2.257,0,0,0.275,13.844,0,2.632
343,1,1.161,0.245,0.211,0.406,1.9,0.168,2.181
344,1,3.145,0.366,0.116,0.983,4.895,0.027,4.902
345,1,0,0,NaN,0,0,1,0
346,1,0.308,0.275,0.893,0.284,0.007,0.935,1.286
347,1,0.92,0,0,0.144,6.78,0.009,1.073
348,1,2.382,0,0,0.203,9.725,0.002,2.778
349,1,0.828,0,0,0.211,5.634,0.018,0.966
350,1,2.98,0.091,0.03,0.183,3.762,0.052,3.781
351,1,1.035,0.379,0.366,0.442,0.484,0.486,2.484
352,1,0.251,0,0,0.079,2.208,0.137,0.293
353,1,0.462,0,0,0.066,3.807,0.051,0.539
354,1,2.876,0,0,0.311,14.111,0,3.354
355,1,0.672,0.271,0.403,0.33,0.349,0.554,1.697
356,1,4.207,0,0,0.384,12.709,0,4.906
357,1,3.634,0,0,0.276,13.667,0,4.238
358,1,0,0,NaN,0,0,1,0
359,1,1.882,0,0,0.17,8.091,0.004,2.195
360,1,0,0,NaN,0,0,1,0
361,1,0,0,NaN,0,0,1,0
362,1,0.687,0.096,0.14,0.216,2.237,0.135,1.125
363,1,0.886,0.083,0.093,0.153,2.189,0.139,1.312
364,1,0,0.139,Infinity,0.108,0.487,0.485,0.469
365,1,3.493,0,0,0.171,11.344,0.001,4.074
366,1,1.762,0.111,0.063,0.302,3.759,0.053,2.43
367,1,0,0,NaN,0,0,1,0
368,1,2.021,0.276,0.137,0.663,4.019,0.045,3.289
369,1,1.401,0,0,0.157,8.963,0.003,1.633
370,1,7.429,0,0,0.172,8.968,0.003,8.663
371,1,0,0.093,Infinity,0.074,0.454,0.5,0.313
372,1,0,0,NaN,0,0,1,0
373,1,0,0.123,Infinity,0.085,0.748,0.387,0.416
374,1,0.904,0.125,0.139,0.349,2.823,0.093,1.477
375,1,8.713,0.198,0.023,0.374,6.172,0.013,10.83
376,1,3.336,0.111,0.033,0.346,6.341,0.012,4.263
377,1,2.067,0.219,0.106,0.384,3.219,0.073,3.149
378,1,0.474,0,0,0.073,3.514,0.061,0.553
379,1,1.521,0,0,0.182,7.431,0.006,1.774
380,1,0.601,1.014,1.687,0.896,0.239,0.625,4.12
381,1,2.17,0.302,0.139,0.507,1.64,0.2,3.549
382,1,2.793,0.094,0.034,0.304,6.648,0.01,3.573
383,1,2.172,0.886,0.408,0.964,0.334,0.563,5.52
384,1,0,0,NaN,0,0,1,0
385,1,0,0.1,Infinity,0.093,0.152,0.697,0.337
386,1,0.853,0,0,0.189,5.266,0.022,0.995
387,1,3.289,0.226,0.069,0.643,7.146,0.008,4.598
388,1,0.321,0.114,0.355,0.167,0.462,0.497,0.76
389,1,0.317,0.396,1.247,0.373,0.032,0.858,1.705
390,1,0.9,0.085,0.094,0.158,2.028,0.154,1.335
391,1,0.949,0.091,0.095,0.169,2.098,0.147,1.413
392,1,2.279,0.613,0.269,0.97,1.853,0.173,4.725
393,1,2.353,0.672,0.285,0.978,1.185,0.276,5.008
394,1,0,0.413,Infinity,0.295,1.935,0.164,1.393
395,1,1.485,0.753,0.507,0.805,0.163,0.686,4.269
396,1,1.168,0,0,0.134,4.894,0.027,1.362
397,1,0.358,0,0,0.068,3.057,0.08,0.417
398,1,3.221,0.107,0.033,0.359,6.173,0.013,4.117
399,1,0.256,0,0,0.083,2.143,0.143,0.299
400,1,9.739,0.102,0.01,0.284,7.242,0.007,11.701
401,1,0.482,0,0,0.077,3.589,0.058,0.562
402,1,0.548,0,0,0.174,4.379,0.036,0.639
403,1,1.422,0.107,0.075,0.421,4.733,0.03,2.018
404,1,0.208,0.121,0.581,0.152,0.135,0.714,0.65
405,1,0.412,0,0,0.135,4.254,0.039,0.481
406,1,0,0.268,Infinity,0.238,0.441,0.507,0.903
407,1,7.07,0.255,0.036,0.829,11.026,0.001,9.104
408,1,0.588,0.564,0.959,0.567,0.001,0.974,2.587
409,1,1.673,0,0,0.266,11.79,0.001,1.952
410,1,1.108,0.156,0.141,0.398,2.578,0.108,1.817
411,1,0.785,0.113,0.144,0.26,2.269,0.132,1.297
412,1,3.778,0.104,0.028,0.32,6.53,0.011,4.758
413,1,1.058,0,0,0.344,7.46,0.006,1.233
414,1,0.396,0.217,0.548,0.259,0.19,0.663,1.192
415,1,2.044,0.684,0.335,1.006,1.536,0.215,4.691
416,1,1.599,0.103,0.065,0.205,3.054,0.081,2.214
417,1,0.718,1.206,1.68,0.987,0.181,0.671,4.904
418,1,2.087,0.211,0.101,0.493,3.812,0.051,3.145
419,1,5.091,0.093,0.018,0.295,7.413,0.006,6.25
420,1,0.43,0.144,0.336,0.221,0.556,0.456,0.988
421,1,0.948,0.644,0.68,0.716,0.1,0.752,3.277
422,1,2.051,0,0,0.329,9.567,0.002,2.392
423,1,1.374,0.23,0.167,0.352,1.45,0.228,2.376
424,1,0.281,0,0,0.081,2.358,0.125,0.328
425,1,3.108,0.513,0.165,0.89,3.68,0.055,5.355
426,1,0.898,0.381,0.424,0.459,0.412,0.521,2.331
427,1,1.378,0,0,0.288,7.789,0.005,1.608
428,1,3.626,0.216,0.06,0.492,6.984,0.008,4.958
429,1,0.586,0.258,0.441,0.356,0.528,0.467,1.555
430,1,0.785,0,0,0.139,6.973,0.008,0.916
431,1,0,0.136,Infinity,0.1,0.609,0.435,0.459
432,1,0.686,0.08,0.116,0.139,1.618,0.203,1.069
433,1,0.786,0.505,0.643,0.548,0.099,0.754,2.618
434,1,0.267,0.481,1.804,0.401,0.212,0.645,1.932
435,1,2.84,0.094,0.033,0.361,7.255,0.007,3.63
436,1,0.76,0,0,0.144,6.412,0.011,0.886
437,1,0.41,0,0,0.087,3.166,0.075,0.478
438,1,1.473,0.099,0.067,0.264,3.997,0.046,2.051
439,1,0,0,NaN,0,0,1,0
440,1,0,0.199,Infinity,0.188,0.159,0.69,0.67
441,1,2.647,0.257,0.097,0.506,3.99,0.046,3.952
442,1,1.432,0.1,0.07,0.214,2.788,0.095,2.008
443,1,74.845,0,0,0.656,2.986,0.084,87.285
444,1,1.338,0.089,0.066,0.241,4.135,0.042,1.859
445,1,2.482,0.149,0.06,0.578,6.05,0.014,3.397
446,1,0.015,0.452,30.592,0.336,0.893,0.345,1.54
447,1,1.962,0,0,0.272,12.62,0,2.288
448,1,0.866,0,0,0.149,6.79,0.009,1.01
449,1,0.605,0,0,0.151,5.232,0.022,0.706
450,1,0.703,0.122,0.174,0.273,1.961,0.161,1.232
451,1,0,0,NaN,0,0,1,0
452,1,0.308,0,0,0.064,3.09,0.079,0.359
453,1,0.436,0.118,0.27,0.183,0.703,0.402,0.905
454,1,0.308,0,0,0.076,2.755,0.097,0.359
455,1,0.701,0.135,0.192,0.268,1.455,0.228,1.272
456,1,0.663,0,0,0.163,4.204,0.04,0.773
457,1,2.244,0,0,0.483,12.282,0,2.617
458,1,0.626,0,0,0.079,3.996,0.046,0.73
459,1,0,0.131,Infinity,0.096,0.591,0.442,0.44
460,1,0.492,0,0,0.066,3.757,0.053,0.573
461,1,2.385,0,0,0.203,9.739,0.002,2.782
462,1,0,0.343,Infinity,0.26,1.535,0.215,1.157
463,1,2.546,0,0,0.206,11.452,0.001,2.969
464,1,2.016,0.091,0.045,0.159,2.249,0.134,2.658
465,1,2.125,0,0,0.263,9.5,0.002,2.478
466,1,0.831,0.117,0.141,0.274,2.339,0.126,1.363
467,1,0.844,0.138,0.164,0.374,2.607,0.106,1.451
468,1,0.462,0,0,0.066,3.807,0.051,0.539
469,1,4.035,0,0,0.455,17.638,0,4.706
470,1,0,0,NaN,0,0,1,0
471,1,0,0,NaN,0,0,1,0
472,1,0.254,0,0,0.06,2.752,0.097,0.296
473,1,1.166,0.13,0.111,0.259,2.142,0.143,1.798
474,1,4.349,0.103,0.024,0.314,6.98,0.008,5.42
475,1,0,3.334,Infinity,2.752,0.376,0.539,11.239
476,1,0.978,0.289,0.295,0.439,0.976,0.323,2.115
477,1,0.3,0.529,1.765,0.481,0.077,0.782,2.131
478,1,1.578,0.469,0.297,0.659,1.325,0.25,3.423
479,1,0.515,0,0,0.088,3.417,0.065,0.6
480,1,0.998,0,0,0.175,6.294,0.012,1.164
481,1,4.259,0.147,0.034,0.71,9.643,0.002,5.462
482,1,0.911,0,0,0.095,4.226,0.04,1.063
483,1,0.358,0,0,0.08,2.747,0.097,0.417
484,1,1.273,0.225,0.177,0.416,2.515,0.113,2.244
485,1,10000,0.271,0,0.408,3.574,0.059,11663.002
486,1,0.899,0.098,0.109,0.18,1.801,0.18,1.377
487,1,0.798,0.14,0.176,0.336,1.521,0.217,1.403
488,1,0.911,0,0,0.089,4.366,0.037,1.063
489,1,0,0.685,Infinity,0.604,0.506,0.477,2.309
490,1,0.312,0.409,1.31,0.381,0.048,0.827,1.741
491,1,1.221,0.093,0.076,0.172,2.141,0.143,1.738
492,1,19.347,0.099,0.005,0.291,9.742,0.002,22.895
493,1,1.037,0.738,0.712,0.8,0.085,0.771,3.698
494,1,0,0.201,Infinity,0.151,1.132,0.287,0.677
495,1,2.622,0.214,0.082,0.456,4.101,0.043,3.781
496,1,1.871,0.792,0.423,0.948,0.575,0.448,4.853
497,1,0.478,0.102,0.213,0.172,0.968,0.325,0.899
498,1,0.202,0.617,3.049,0.519,0.201,0.654,2.316
499,1,0.873,1.032,1.182,0.978,0.023,0.88,4.498
500,1,4.782,0.226,0.047,0.642,5.08,0.024,6.34
501,1,1.096,0,0,0.105,5.026,0.025,1.278
502,1,0.131,0.383,2.912,0.365,0.083,0.773,1.443
503,1,0.24,0.098,0.407,0.138,0.365,0.546,0.61
504,1,0.41,0,0,0.074,3.487,0.062,0.478
505,1,0,0,NaN,0,0,1,0
506,1,0,0,NaN,0,0,1,0
507,1,0.643,0,0,0.128,6.065,0.014,0.75
508,1,3.509,0.085,0.024,0.289,6.75,0.009,4.379
509,1,0.97,0.56,0.577,0.646,0.231,0.631,3.019
510,1,3.628,0,0,0.309,13.641,0,4.231
511,1,0.674,0.094,0.14,0.223,2.466,0.116,1.104
512,1,3.889,0.119,0.031,0.52,7.751,0.005,4.936
513,1,0,0.197,Infinity,0.178,0.425,0.515,0.664
514,1,0.62,0.108,0.175,0.19,1.176,0.278,1.088
515,1,2.521,0.099,0.039,0.374,6.778,0.009,3.274
516,1,1.537,0.102,0.066,0.262,4.176,0.041,2.136
517,1,0,0,NaN,0,0,1,0
518,1,2.542,0,0,0.327,12.831,0,2.965
519,1,2.516,0.199,0.079,0.473,6.124,0.013,3.606
520,1,0,0.357,Infinity,0.279,1.464,0.226,1.202
521,1,1.104,0,0,0.23,8.791,0.003,1.287
522,1,2.726,0,0,0.279,11.077,0.001,3.179
523,1,0,0.478,Infinity,0.402,1.096,0.295,1.61
524,1,1.225,0.093,0.076,0.172,2.141,0.143,1.741
525,1,3.478,0.092,0.026,0.246,5.315,0.021,4.366
526,1,3.101,0,0,0.193,9.097,0.003,3.616
527,1,0,0,NaN,0,0,1,0
528,1,0,0,NaN,0,0,1,0
529,1,0.579,0.328,0.567,0.364,0.167,0.683,1.78
530,1,0,0.399,Infinity,0.265,2.272,0.132,1.345
531,1,1.22,1.227,1.006,1.222,0,0.995,5.559
532,1,0.547,0.245,0.447,0.34,0.541,0.462,1.464
533,1,4.136,0,0,0.335,15.585,0,4.824
534,1,1.278,0.228,0.178,0.347,1.667,0.197,2.258
535,1,0,0.762,Infinity,0.578,1.98,0.159,2.569
536,1,2.059,0,0,0.196,8.698,0.003,2.401
537,1,0.795,0.301,0.379,0.378,0.531,0.466,1.943
538,1,0.807,0.114,0.142,0.245,2.029,0.154,1.327
539,1,0,0,NaN,0,0,1,0
540,1,0,0.139,Infinity,0.101,0.619,0.432,0.468
541,1,0,0.091,Infinity,0.075,0.398,0.528,0.308
542,1,0,0.218,Infinity,0.153,1.374,0.241,0.735
543,1,0.471,0,0,0.073,3.504,0.061,0.549
544,1,1.137,0,0,0.157,8.089,0.004,1.325
545,1,1.689,0.336,0.199,0.615,2.296,0.13,3.101
546,1,1.611,0.349,0.217,0.595,1.4,0.237,3.057
547,1,0.702,0,0,0.209,6.418,0.011,0.819
548,1,4.418,0,0,0.315,14.308,0,5.152
549,1,0,0,NaN,0,0,1,0
550,1,1.168,0,0,0.134,4.894,0.027,1.362
551,1,0,0,NaN,0,0,1,0
552,1,6.067,0,0,0.341,11.103,0.001,7.076
553,1,0.792,0,0,0.084,3.673,0.055,0.924
554,1,0.277,0,0,0.077,2.57,0.109,0.324
555,1,0.094,0.428,4.542,0.358,0.246,0.62,1.553
556,1,0.294,0,0,0.081,2.38,0.123,0.343
557,1,0.215,0.556,2.584,0.457,0.385,0.535,2.126
558,1,5.333,0.226,0.042,0.32,2.985,0.084,6.983
559,1,6.685,1.11,0.166,2.766,3.012,0.083,11.539
560,1,0.686,0.104,0.151,0.188,1.524,0.217,1.149
561,1,0.733,0,0,0.09,3.735,0.053,0.855
562,1,1.427,0.452,0.317,0.528,0.643,0.423,3.187
563,1,4.414,0,0,0.236,16.019,0,5.147
564,1,1.501,0,0,0.165,7.225,0.007,1.75
565,1,0.943,0.659,0.698,0.724,0.097,0.756,3.322
566,1,0.52,0.38,0.731,0.414,0.068,0.794,1.887
567,1,0.24,0.274,1.143,0.262,0.011,0.917,1.205
568,1,1.974,0.311,0.157,0.591,2.694,0.101,3.35
569,1,0,0.204,Infinity,0.186,0.376,0.54,0.689
570,1,11.007,0,0,0.206,15.064,0,12.837
571,1,0.531,0,0,0.083,3.416,0.065,0.62
572,1,0,0.117,Infinity,0.089,0.539,0.463,0.394
573,1,0.55,0.145,0.264,0.257,0.915,0.339,1.132
574,1,1.956,0.09,0.046,0.261,5.661,0.017,2.586
575,1,1.122,0,0,0.138,7.873,0.005,1.308
576,1,0.317,0,0,0.083,2.47,0.116,0.37
577,1,0.676,0,0,0.076,3.892,0.049,0.789
578,1,3.071,0.217,0.071,0.493,5.909,0.015,4.315
579,1,0.37,0.315,0.851,0.336,0.016,0.899,1.494
580,1,7.52,0.213,0.028,0.449,8.513,0.004,9.488
581,1,0,0.758,Infinity,0.596,2.285,0.131,2.556
582,1,2.505,0,0,0.193,10.956,0.001,2.922
583,1,0.301,0.324,1.077,0.318,0.004,0.953,1.444
584,1,1.147,0.367,0.319,0.446,0.587,0.443,2.574
585,1,2.572,0,0,0.209,10.113,0.001,3
586,1,2.412,0.493,0.204,0.757,0.96,0.327,4.475
587,1,0,0,NaN,0,0,1,0
588,1,0,0,NaN,0,0,1,0
589,1,0,0,NaN,0,0,1,0
590,1,0,0,NaN,0,0,1,0
591,1,0,0,NaN,0,0,1,0
592,1,0,0,NaN,0,0,1,0
593,1,0,0,NaN,0,0,1,0
594,1,0,0,NaN,0,0,1,0
595,1,0,0,NaN,0,0,1,0
596,1,0,0,NaN,0,0,1,0
597,1,0,0,NaN,0,0,1,0
598,1,0,0,NaN,0,0,1,0
599,1,0,0,NaN,0,0,1,0
600,1,0,0,NaN,0,0,1,0
601,1,0,0,NaN,0,0,1,0
602,1,0,0,NaN,0,0,1,0
603,1,0,0,NaN,0,0,1,0
604,1,0,0,NaN,0,0,1,0
605,1,0,0,NaN,0,0,1,0
606,1,0,0,NaN,0,0,1,0
607,1,0,0,NaN,0,0,1,0
608,1,0,0,NaN,0,0,1,0
609,1,0,0,NaN,0,0,1,0
610,1,0,0,NaN,0,0,1,0