Site,Partition,&alpha; ,&beta;<sup>-</sup>,p<sup>-</sup>,&beta;<sup>+</sup>,p<sup>+</sup>,LRT,p-value,# branches under selection,Total branch length
1,1,0,0,1,0,0,0,1,0,0
2,1,0,0,1,0,0,0,1,0,0
3,1,0,0,1,0,0,0,1,0,0
4,1,0,0,1,0,0,0,1,0,0
5,1,0,0,1,0,0,0,1,0,0
6,1,0,0,1,0,0,0,1,0,0
7,1,0,0,1,0,0,0,1,0,0
8,1,0,0,1,0,0,0,1,0,0
9,1,0,0,1,0,0,0,1,0,0
10,1,0,0,1,0,0,0,1,0,0
11,1,0,0,1,0,0,0,1,0,0
12,1,0,0,1,0,0,0,1,0,0
13,1,0,0,1,0,0,0,1,0,0
14,1,0,0,1,0,0,0,1,0,0
15,1,0,0,1,0,0,0,1,0,0
16,1,0,0,1,0,0,0,1,0,0
17,1,0,0,1,0,0,0,1,0,0
18,1,0,0,1,0,0,0,1,0,0
19,1,0,0,1,0,0,0,1,0,0
20,1,0,0,1,0,0,0,1,0,0
21,1,10000,9581.53,0,0.3,1,0,0.67,0,3876.32
22,1,0,0,0.86,6.97,0.14,2.64,0.13,0,1.12
23,1,0.77,0.77,0.45,0,0.55,0,0.67,0,0.69
24,1,14.81,8.96,0.2,0,0.8,0,0.67,0,7.79
25,1,3.96,0.8,0.07,0.8,0.93,0,0.67,0,2.43
26,1,3.72,3.72,0.22,0,0.78,0,0.67,0,2.35
27,1,15.46,15.46,0.2,0,0.8,0,0.67,0,9.48
28,1,11.22,11.22,0.08,0,0.92,0,0.67,0,5.31
29,1,2.83,2.72,0,0.96,1,0,0.67,0,2.17
30,1,0.42,0.28,0,0.28,1,0,0.67,0,0.48
31,1,0.96,0.96,0.6,0,0.4,0,0.67,0,1.02
32,1,0.63,0.18,0,0.18,1,0,0.67,0,0.45
33,1,0.44,0.44,0,1.2,1,0,0.67,0,1.52
34,1,1.45,1.45,0.18,0,0.82,0,0.67,0,0.86
35,1,0.77,0.13,0.82,8.63,0.18,1.99,0.18,1,2.14
36,1,2.69,0.67,0.48,0.67,0.52,0,0.67,0,1.79
37,1,2.53,0,0.62,0.53,0.38,0,0.67,0,1.2
38,1,1.18,1.18,0.1,0.9,0.9,0,0.67,0,1.49
39,1,2.94,0.5,1,0.5,0,0,0.67,0,1.7
40,1,4.69,0,0.21,0,0.79,0,0.67,0,1.82
41,1,0.95,0.93,0.95,152.29,0.05,5.75,0.03,1,10.01
42,1,2.53,0.34,0,0.34,1,0,0.67,0,1.36
43,1,0,0,0,1.33,1,0,0.67,0,1.48
44,1,0.32,0.32,0,0.56,1,0,0.67,0,0.75
45,1,0,0,0.31,2.02,0.69,0.62,0.4,0,1.56
46,1,0.89,0.6,0.8,6.27,0.2,0.31,0.49,0,2.26
47,1,2.77,2.77,0.44,0,0.56,0,0.67,0,2.45
48,1,2.31,2.31,0.24,0.22,0.76,0,0.67,0,1.71
49,1,0,0,0.54,0.71,0.46,0.91,0.34,0,0.37
50,1,3.28,0,0.21,0,0.79,0,0.67,0,1.27
51,1,0,0,1,0,0,0,1,0,0
52,1,0,0,0,16.76,1,0,0.67,0,18.77
53,1,0,0,1,0,0,0,1,0,0
54,1,0,0,1,0,0,0,1,0,0
55,1,0,0,1,0,0,0,1,0,0
56,1,0.62,0.17,0,0.17,1,0,0.67,0,0.44
57,1,0,0,0.18,2.21,0.82,2.64,0.13,2,2.04
58,1,0.25,0,0.21,0,0.79,0,0.67,0,0.1
59,1,0,0,0,0.11,1,0,0.67,0,0.12
60,1,1.63,0,0,0,1,0,0.67,0,0.63
61,1,0.8,0,0.21,0,0.79,0,0.67,0,0.31
62,1,11.2,0,0,0,1,0,0.67,0,4.34
63,1,0.29,0,0.21,0,0.79,0,0.67,0,0.11
64,1,0.57,0.36,0.35,0.36,0.65,0,0.67,0,0.62
65,1,3.18,0.56,0.2,0.56,0.8,0,0.67,0,1.87
66,1,0.3,0,0.21,0,0.79,0,0.67,0,0.12
67,1,0.48,0.14,0.9,5.78,0.1,1.84,0.2,1,0.96
68,1,0,0,1,0,0,0,1,0,0
69,1,0.94,0.94,0.43,0,0.57,0,0.67,0,0.82
70,1,3.32,0,0.21,0,0.79,0,0.67,0,1.29
71,1,0.34,0,0.79,4.07,0.21,1.8,0.2,0,1.09
72,1,2.48,0.95,0.36,0.95,0.64,0,0.67,0,2.03
73,1,17.34,0,0.21,0,0.79,0,0.67,0,6.72
74,1,2.86,0.87,0.01,0.87,0.99,0,0.67,0,2.08
75,1,0.35,0.35,0,0.48,1,0,0.67,0,0.67
76,1,0.91,0,0.21,0,0.79,0,0.67,0,0.35
77,1,1.91,0.33,0,0.33,1,0,0.67,0,1.11
78,1,5.91,0.48,0,0.48,1,0,0.67,0,2.83
79,1,2.19,0.29,0.23,0.29,0.77,0,0.67,0,1.17
80,1,0.72,0.26,0,0.26,1,0,0.67,0,0.57
81,1,0.41,0.27,0.56,0.27,0.44,0,0.67,0,0.46
82,1,2.73,1.07,0.24,0,0.76,0,0.67,0,1.34
83,1,0,0,0.88,2.17,0.12,1.32,0.26,1,0.3
84,1,0,0,0.83,1.6,0.17,2.59,0.13,1,0.31
85,1,0.18,0.13,0,0.13,1,0,0.67,0,0.22
86,1,1.25,0,0.21,0,0.79,0,0.67,0,0.48
87,1,3.7,0,0.21,0,0.79,0,0.67,0,1.44
88,1,0.8,0,0.21,0,0.79,0,0.67,0,0.31
89,1,3.51,0.4,0.79,0.4,0.21,0,0.67,0,1.81
90,1,0.26,0,0.65,0.57,0.35,0.24,0.51,1,0.32
91,1,0.54,0.54,0.59,0,0.41,0,0.67,0,0.56
92,1,4.15,4.15,0.02,0.34,0.98,0,0.67,0,2.08
93,1,0,0,0.85,822.54,0.15,10.91,0,4,142.01
94,1,1.69,0.2,0.62,0.2,0.38,0,0.67,0,0.88
95,1,0,0,1,0,0,0,1,0,0
96,1,1.87,0,0.21,0,0.79,0,0.67,0,0.72
97,1,3.66,0,0.21,0,0.79,0,0.67,0,1.42
98,1,0,0,1,0,0,0,1,0,0
99,1,1.53,0.97,0.21,0,0.79,0,0.67,0,0.81
100,1,3.32,0,0.21,0,0.79,0,0.67,0,1.29
101,1,0.99,0.09,0,0.09,1,0,0.67,0,0.49
102,1,0,0,0.92,88.69,0.08,3.31,0.09,2,8.34
103,1,1.38,0.25,1,0.25,0,0,0.67,0,0.82
104,1,0.89,0.12,1,0.12,0,0,0.67,0,0.48
105,1,5.36,0,0.43,0.56,0.57,0,0.67,0,2.43
106,1,0,0,1,0,0,0,1,0,0
107,1,0.68,0,0,0,1,0,0.67,0,0.26
108,1,0.73,0.25,0.23,0.25,0.77,0,0.67,0,0.56
109,1,0.35,0.35,0,0.65,1,0,0.67,0,0.86
110,1,1,1,0.38,0,0.62,0,0.67,0,0.81
111,1,0.85,0.85,0.37,0,0.63,0,0.67,0,0.67
112,1,1.26,0,0.21,0,0.79,0,0.67,0,0.49
113,1,4.78,2.51,0.42,0,0.58,0,0.67,0,3.03
114,1,5.18,0,0.21,0,0.79,0,0.67,0,2.01
115,1,0.23,0.15,0.83,4.55,0.17,2.28,0.16,1,1.1
116,1,1.82,0,0,0,1,0,0.67,0,0.71
117,1,7.99,0,0,0,1,0,0.67,0,3.1
118,1,1.1,0,0.21,0,0.79,0,0.67,0,0.43
119,1,2.04,0,0.21,0,0.79,0,0.67,0,0.79
120,1,0.72,0.72,0.22,0,0.78,0,0.67,0,0.46
121,1,0.67,0.67,0.22,0,0.78,0,0.67,0,0.43
122,1,0.79,0,0.21,0,0.79,0,0.67,0,0.3
123,1,1.84,1.84,0.13,0,0.87,0,0.67,0,0.98
124,1,5.13,0.23,0.49,0.23,0.51,0,0.67,0,2.25
125,1,0,0,1,0,0,0,1,0,0
126,1,0.76,0.76,0.26,0,0.74,0,0.67,0,0.52
127,1,0.69,0,0.18,0,0.82,0,0.67,0,0.27
128,1,1.39,0,0.09,0,0.91,0,0.67,0,0.54
129,1,0.51,0.51,0.58,0,0.42,0,0.67,0,0.53
130,1,0.91,0,0,0,1,0,0.67,0,0.35
131,1,0.35,0.14,0,0.14,1,0,0.67,0,0.29
132,1,3.14,0,0.21,0,0.79,0,0.67,0,1.22
133,1,0.46,0.21,0.85,0.22,0.15,0,0.67,0,0.42
134,1,2.47,0.31,0.13,0.31,0.87,0,0.67,0,1.31
135,1,1.38,0.12,1,0.12,0,0,0.67,0,0.66
136,1,2.85,0.76,0.26,0,0.74,0,0.67,0,1.33
137,1,1.92,0,0.66,0.63,0.34,0,0.67,0,0.99
138,1,5.87,0,0.21,0,0.79,0,0.67,0,2.27
139,1,0.61,0,0.21,0,0.79,0,0.67,0,0.24
140,1,2.04,0.99,0.24,0,0.76,0,0.67,0,1.06
141,1,0,0,1,0,0,0,1,0,0
142,1,0,0,0.95,18.32,0.05,11.36,0,1,1.12
143,1,1.82,0.13,0.26,0.13,0.74,0,0.67,0,0.85
144,1,5.24,0.35,0.2,0.35,0.8,0,0.67,0,2.42
145,1,0.26,0.26,0,0.27,1,0,0.67,0,0.41
146,1,6.72,4.15,0.17,0,0.83,0,0.67,0,3.37
147,1,0.32,0.15,0,0.15,1,0,0.67,0,0.29
148,1,0.62,0.25,0.27,0.25,0.73,0,0.67,0,0.52
149,1,1.01,1.01,0.19,0,0.81,0,0.67,0,0.6
150,1,2.71,2.71,0.16,0.21,0.84,0,0.67,0,1.74
151,1,1.7,0.23,0.16,0.23,0.84,0,0.67,0,0.91
152,1,0.25,0,0.21,0,0.79,0,0.67,0,0.1
153,1,4.44,2.15,0.1,0.45,0.9,0,0.67,0,2.41
154,1,1.47,0,0,0,1,0,0.67,0,0.57
155,1,0.3,0,0.21,0,0.79,0,0.67,0,0.12
156,1,0.33,0,0.21,0,0.79,0,0.67,0,0.13
157,1,0.35,0.14,0.34,0.13,0.66,0,0.67,0,0.28
158,1,0.58,0,0,0,1,0,0.67,0,0.23
159,1,7.11,0.69,1,0.69,0,0,0.67,0,3.53
160,1,0,0,0.85,1.74,0.15,4.05,0.06,1,0.3
161,1,1.41,0.46,0.44,0,0.56,0,0.67,0,0.77
162,1,0.42,0.33,0.19,0.32,0.81,0,0.67,0,0.53
163,1,0,0,0,0.09,1,0,0.67,0,0.1
164,1,8899.23,8197.08,0,0,1,0,0.67,0,3449.33
165,1,0.41,0.13,0.16,0.13,0.84,0,0.67,0,0.31
166,1,1.28,0.13,1,0.13,0,0,0.67,0,0.64
167,1,0,0,1,0,0,0,1,0,0
168,1,0.63,0.54,0.27,0,0.73,0,0.67,0,0.41
169,1,1.59,0.27,0.21,0.12,0.79,0,0.67,0,0.78
170,1,0.98,0,0.09,0,0.91,0,0.67,0,0.38
171,1,5.69,5.69,0.16,0.18,0.84,0,0.67,0,3.39
172,1,0.52,0,0,0,1,0,0.67,0,0.2
173,1,0.41,0,0.21,0,0.79,0,0.67,0,0.16
174,1,0.92,0.92,0,1.05,1,0,0.67,0,1.54
175,1,2.5,0,0.21,0,0.79,0,0.67,0,0.97
176,1,0,0,0.79,2.72,0.21,1.57,0.23,2,0.65
177,1,0,0,0.62,10.35,0.38,4.41,0.05,1,4.39
178,1,3.96,1.35,0.13,1.35,0.87,0,0.67,0,3.05
179,1,0,0,0,0.59,1,0,0.67,0,0.66
180,1,3.57,3.57,0.35,0,0.65,0,0.67,0,2.79
181,1,0.25,0.25,0,0.39,1,0,0.67,0,0.53
182,1,2.26,2.26,0.23,0,0.77,0,0.67,0,1.46
183,1,1.26,0,0,0,1,0,0.67,0,0.49
184,1,1.18,0,0.21,0,0.79,0,0.67,0,0.46
185,1,0.68,0.68,0.29,0,0.71,0,0.67,0,0.48
186,1,0.33,0,0.21,0,0.79,0,0.67,0,0.13
187,1,6.23,6.23,0.5,0.17,0.5,0,0.67,0,5.97
188,1,0.82,0.13,0,0.13,1,0,0.67,0,0.46
189,1,0.41,0,0.57,6.99,0.43,4.42,0.05,2,3.52
190,1,0.39,0.39,0.36,0,0.64,0,0.67,0,0.31
191,1,0,0,0.64,0.46,0.36,1.79,0.2,1,0.18
192,1,1.96,0.52,0.29,0,0.71,0,0.67,0,0.93
193,1,4.46,0,0,0,1,0,0.67,0,1.73
194,1,1.6,0,0.21,0,0.79,0,0.67,0,0.62
195,1,0,0,0.7,0.48,0.3,0.67,0.39,1,0.16
196,1,0.68,0.11,0,0.11,1,0,0.67,0,0.39
197,1,1.85,0,0.21,0,0.79,0,0.67,0,0.72
198,1,0.34,0,0.21,0,0.79,0,0.67,0,0.13
199,1,0.69,0.1,0,0.1,1,0,0.67,0,0.38
200,1,0.27,0,0.21,0,0.79,0,0.67,0,0.11
201,1,0.57,0,0.21,0,0.79,0,0.67,0,0.22
202,1,1.42,0,0,0,1,0,0.67,0,0.55
203,1,0.22,0,0.21,0,0.79,0,0.67,0,0.09
204,1,0.59,0.59,0,0.38,1,0,0.67,0,0.66
205,1,0.31,0,0.21,0,0.79,0,0.67,0,0.12
206,1,1.32,1.32,0.34,0.35,0.66,0,0.67,0,1.26
207,1,0.56,0.32,0,0.32,1,0,0.67,0,0.58
208,1,0.74,0,0,0,1,0,0.67,0,0.29
209,1,0,0,0,0.86,1,0,0.67,0,0.97
210,1,1.96,0.11,0.01,0.11,0.99,0,0.67,0,0.88
211,1,12.32,12.32,0.16,0.18,0.84,0,0.67,0,7.14
212,1,0.23,0.12,0,0.12,1,0,0.67,0,0.23
213,1,2.27,0.25,0,0.25,1,0,0.67,0,1.16
214,1,1.07,0,0,0,1,0,0.67,0,0.42
215,1,1.7,0,0.21,0,0.79,0,0.67,0,0.66
216,1,1.12,0,0.18,0,0.82,0,0.67,0,0.44
217,1,1.78,0,0.21,0,0.79,0,0.67,0,0.69
218,1,0.43,0.22,0.17,0.22,0.83,0,0.67,0,0.42
219,1,1.17,1.17,0.18,0,0.82,0,0.67,0,0.69
220,1,0.59,0.11,0.03,0.11,0.97,0,0.67,0,0.36
221,1,0.27,0.12,0,0.12,1,0,0.67,0,0.24
222,1,0.99,0,0.64,0.48,0.36,0,0.67,0,0.58
223,1,3.28,0.12,0.43,0.12,0.57,0,0.67,0,1.4
224,1,2.13,2.13,0.23,0,0.77,0,0.67,0,1.38
225,1,0.36,0,0.21,0,0.79,0,0.67,0,0.14
226,1,1.71,0.29,0.18,0.29,0.82,0,0.67,0,0.99
227,1,0,0,0.19,0.92,0.81,0.88,0.34,2,0.83
228,1,0.39,0,0.06,0,0.94,0,0.67,0,0.15
229,1,0,0,1,0,0,0,1,0,0
230,1,0,0,0,0.12,1,0,0.67,0,0.13
231,1,1.84,0.14,0,0.14,1,0,0.67,0,0.87
232,1,0.51,0,0,0,1,0,0.67,0,0.2
233,1,2.34,0.13,0,0.13,1,0,0.67,0,1.05
234,1,0.34,0,0.21,0,0.79,0,0.67,0,0.13
235,1,0.3,0,0,0,1,0,0.67,0,0.12
236,1,2.01,0,0,0,1,0,0.67,0,0.78
237,1,0,0,0.85,1.57,0.15,1.5,0.24,1,0.27
238,1,1.74,0,0.35,0.98,0.65,0,0.67,0,1.39
239,1,0,0,0,0.12,1,0,0.67,0,0.13
240,1,0.64,0.14,0.91,6.38,0.09,1.5,0.24,1,1.07
241,1,2.94,0.11,0,0.11,1,0,0.67,0,1.27
242,1,0.99,0.23,0.16,0.23,0.84,0,0.67,0,0.64
243,1,1.57,1.57,0.11,0.13,0.89,0,0.67,0,0.93
244,1,0.49,0.12,1,0.12,0,0,0.67,0,0.33
245,1,8,0,0.07,0,0.93,0,0.67,0,3.1
246,1,1.18,0.67,0.34,0,0.66,0,0.67,0,0.72
247,1,2.13,0,0.21,0,0.79,0,0.67,0,0.82
248,1,1.81,0,0.21,0,0.79,0,0.67,0,0.7
249,1,0,0,0,0.87,1,0,0.67,0,0.97
250,1,2.41,2.41,0.4,0,0.6,0,0.67,0,2.02
251,1,6.42,0.19,0.23,0.19,0.77,0,0.67,0,2.7
252,1,1.05,0.4,0.15,0.4,0.85,0,0.67,0,0.85
253,1,0,0,0.42,1.12,0.58,2.45,0.14,0,0.73
254,1,2.12,1.96,0.26,0,0.74,0,0.67,0,1.39
255,1,0,0,0,0.35,1,0,0.67,0,0.39
256,1,0.35,0.12,0.83,6.02,0.17,1.86,0.2,0,1.42
257,1,0.52,0,0,0,1,0,0.67,0,0.2
258,1,0.91,0,0.21,0,0.79,0,0.67,0,0.35
259,1,0,0,0,0.22,1,0,0.67,0,0.25
260,1,0.91,0.56,0.32,0.56,0.68,0,0.67,0,0.98
261,1,0.08,0.08,0.96,170.38,0.04,13.45,0,1,7.86
262,1,0.36,0.36,0.32,0,0.68,0,0.67,0,0.27
263,1,0,0,0.54,0.27,0.46,0.37,0.47,0,0.14
264,1,5.83,0,0.21,0,0.79,0,0.67,0,2.26
265,1,1.05,0,0.03,0,0.97,0,0.67,0,0.41
266,1,1.6,1.6,0.14,0,0.86,0,0.67,0,0.87
267,1,0.31,0.31,0.4,0,0.6,0,0.67,0,0.26
268,1,5.87,0.09,0,0.09,1,0,0.67,0,2.38
269,1,1.61,0.58,0.29,0,0.71,0,0.67,0,0.81
270,1,0.77,0,0.56,4.23,0.44,1.17,0.29,0,2.4
271,1,0.85,0.45,0.29,0,0.71,0,0.67,0,0.47
272,1,3.84,0.09,0,0.09,1,0,0.67,0,1.58
273,1,1.5,1.5,0.4,0,0.6,0,0.67,0,1.26
274,1,1.36,0.1,0.81,0.1,0.19,0,0.67,0,0.64
275,1,0.59,0.52,0,0.52,1,0,0.67,0,0.81
276,1,0.86,0.86,0.41,0,0.59,0,0.67,0,0.73
277,1,0.7,0,0,0,1,0,0.67,0,0.27
278,1,4.11,0,0.21,0,0.79,0,0.67,0,1.59
279,1,0.3,0,0,0,1,0,0.67,0,0.12
280,1,0.92,0.72,0.24,0,0.76,0,0.67,0,0.55
281,1,0.4,0.13,1,0.13,0,0,0.67,0,0.31
282,1,0.39,0,0.06,0,0.94,0,0.67,0,0.15
283,1,0.73,0,0.21,0,0.79,0,0.67,0,0.28
284,1,0.32,0,0.21,0,0.79,0,0.67,0,0.12
285,1,0,0,0.9,3.96,0.1,6.52,0.02,1,0.44
286,1,2.04,0,0.18,0,0.82,0,0.67,0,0.79
287,1,0.74,0.74,0.52,0,0.48,0,0.67,0,0.72
288,1,25.19,0.55,0.29,0,0.71,0,0.67,0,9.94
289,1,0.52,0,0.21,0,0.79,0,0.67,0,0.2
290,1,0,0,1,0,0,0,1,0,0
291,1,0,0,0.71,10.31,0.29,3.57,0.08,0,3.33
292,1,0.71,0.32,0.45,0.32,0.55,0,0.67,0,0.63
293,1,5.56,1.27,0.41,0,0.59,0,0.67,0,2.74
294,1,1.72,0.49,0.5,0,0.5,0,0.67,0,0.94
295,1,0,0,0,0.22,1,0,0.67,0,0.25
296,1,0.28,0,0.21,0,0.79,0,0.67,0,0.11
297,1,1.17,0.13,0,0.13,1,0,0.67,0,0.6
298,1,0.63,0.24,0.44,0.24,0.56,0,0.67,0,0.52
299,1,1.66,1.03,0.38,0,0.62,0,0.67,0,1.08
300,1,3.51,1.28,0.12,1.27,0.88,0,0.67,0,2.79
301,1,2.05,0,0,0,1,0,0.67,0,0.79
302,1,5.41,0.79,0.1,0.75,0.9,0,0.67,0,2.94
303,1,0,0,1,0,0,0,1,0,0
304,1,0.92,0.92,0,1.17,1,0,0.67,0,1.66
305,1,1.7,0.2,1,0.2,0,0,0.67,0,0.88
306,1,1.76,0.59,0.02,0.59,0.98,0,0.67,0,1.34
307,1,0.81,0.25,0.84,0.25,0.16,0,0.67,0,0.6
308,1,1.47,1.47,0.13,0,0.87,0,0.67,0,0.78
309,1,0.49,0,0.21,0,0.79,0,0.67,0,0.19
310,1,0.76,0.49,0.04,0.49,0.96,0,0.67,0,0.85
311,1,0.87,0.69,0.27,0,0.73,0,0.67,0,0.55
312,1,0.49,0,0.21,0,0.79,0,0.67,0,0.19
313,1,0.77,0.43,0.07,0.43,0.93,0,0.67,0,0.78
314,1,1.89,0.49,0,0.49,1,0,0.67,0,1.28
315,1,1.28,1.28,0.17,0,0.83,0,0.67,0,0.75
316,1,1.78,0,0.18,0,0.82,0,0.67,0,0.69
317,1,0.21,0,0.21,0,0.79,0,0.67,0,0.08
318,1,0.8,0.12,1,0.12,0,0,0.67,0,0.45
319,1,1.02,0,0.21,0,0.79,0,0.67,0,0.4
320,1,0,0,0.85,2.21,0.15,4.25,0.06,1,0.37
321,1,1.26,0,0.21,0,0.79,0,0.67,0,0.49
322,1,0,0,1,0,0,0,1,0,0
323,1,1.55,0,0.21,0,0.79,0,0.67,0,0.6
324,1,0.27,0,0.21,0,0.79,0,0.67,0,0.1
325,1,0.66,0.49,0.01,0.11,0.99,0,0.67,0,0.39
326,1,4.52,0.1,1,0.1,0,0,0.67,0,1.87
327,1,0.51,0,0.21,0,0.79,0,0.67,0,0.2
328,1,2.99,0.27,0,0.27,1,0,0.67,0,1.46
329,1,2.32,2.32,0.29,0.11,0.71,0,0.67,0,1.75
330,1,1.18,0.1,0.22,0.1,0.78,0,0.67,0,0.56
331,1,0.96,0,0.21,0,0.79,0,0.67,0,0.37
332,1,2.7,0.4,0.01,0.4,0.99,0,0.67,0,1.5
333,1,2.24,0.91,0.47,0,0.53,0,0.67,0,1.35
334,1,0.67,0.67,0.24,0,0.76,0,0.67,0,0.44
335,1,3.84,0,0.21,0,0.79,0,0.67,0,1.49
336,1,3.51,0,0.55,2.56,0.45,0,0.67,0,2.66
337,1,0.63,0,0.21,0,0.79,0,0.67,0,0.24
338,1,2.08,0.1,0,0.1,1,0,0.67,0,0.92
339,1,9.38,0,0,0,1,0,0.67,0,3.63
340,1,0.87,0.13,0,0.13,1,0,0.67,0,0.48
341,1,1.75,0.24,1,0.24,0,0,0.67,0,0.95
342,1,2.26,0,0.21,0,0.79,0,0.67,0,0.87
343,1,1.19,0,0.71,0.64,0.29,0,0.67,0,0.67
344,1,4.28,4.28,0.1,0,0.9,0,0.67,0,2.12
345,1,0,0,1,0,0,0,1,0,0
346,1,0.31,0.28,1,0.28,0,0,0.67,0,0.43
347,1,0.92,0,0,0,1,0,0.67,0,0.36
348,1,2.39,0,0,0,1,0,0.67,0,0.92
349,1,0.83,0,0.18,0,0.82,0,0.67,0,0.32
350,1,2.99,0.09,0,0.09,1,0,0.67,0,1.26
351,1,1.04,0.38,0.18,0.38,0.82,0,0.67,0,0.83
352,1,0.25,0,0.21,0,0.79,0,0.67,0,0.1
353,1,0.46,0,0.21,0,0.79,0,0.67,0,0.18
354,1,2.88,0,0.21,0,0.79,0,0.67,0,1.12
355,1,0.67,0.27,1,0.27,0,0,0.67,0,0.56
356,1,4.2,0,0.21,0,0.79,0,0.67,0,1.63
357,1,3.63,0,0.21,0,0.79,0,0.67,0,1.41
358,1,0,0,1,0,0,0,1,0,0
359,1,1.88,0,0,0,1,0,0.67,0,0.73
360,1,0,0,1,0,0,0,1,0,0
361,1,0,0,1,0,0,0,1,0,0
362,1,0.69,0.1,0.09,0.1,0.91,0,0.67,0,0.37
363,1,0.89,0.08,0,0.08,1,0,0.67,0,0.44
364,1,0,0,0.21,0.19,0.79,0.48,0.43,1,0.16
365,1,3.51,0,0.18,0,0.82,0,0.67,0,1.36
366,1,1.72,0.24,0.54,0,0.46,0,0.67,0,0.81
367,1,0,0,1,0,0,0,1,0,0
368,1,2.07,2.07,0.03,0.25,0.97,0,0.67,0,1.14
369,1,1.4,0,0,0,1,0,0.67,0,0.54
370,1,7.43,0,0.21,0,0.79,0,0.67,0,2.88
371,1,0,0,0.94,11.57,0.06,3.04,0.1,1,0.76
372,1,0,0,1,0,0,0,1,0,0
373,1,0,0,0,0.12,1,0,0.67,0,0.14
374,1,0.9,0.15,0.16,0.12,0.84,0,0.67,0,0.49
375,1,8.62,0.37,0.42,0,0.58,0,0.67,0,3.52
376,1,3.34,0,0.37,0.19,0.63,0,0.67,0,1.43
377,1,2.1,0,0.67,0.51,0.33,0,0.67,0,1.01
378,1,0.47,0,0,0,1,0,0.67,0,0.18
379,1,1.52,0,0.24,0,0.76,0,0.67,0,0.59
380,1,0.6,0.6,0,1.02,1,0,0.67,0,1.37
381,1,2.17,0.3,0,0.3,1,0,0.67,0,1.18
382,1,2.79,0.09,0.36,0.09,0.64,0,0.67,0,1.19
383,1,2.43,2.43,0.17,0.72,0.83,0,0.67,0,2.06
384,1,0,0,1,0,0,0,1,0,0
385,1,0,0,0,0.1,1,0,0.67,0,0.11
386,1,0.85,0,0.21,0,0.79,0,0.67,0,0.33
387,1,3.29,0.23,0,0.23,1,0,0.67,0,1.53
388,1,0.32,0.11,0,0.11,1,0,0.67,0,0.25
389,1,0.29,0.11,0.95,113.11,0.05,11.62,0,1,6.03
390,1,0.88,0.15,0.6,0.01,0.4,0,0.67,0,0.45
391,1,0.95,0.09,0,0.09,1,0,0.67,0,0.47
392,1,2.28,0.61,0.53,0.61,0.47,0,0.67,0,1.57
393,1,2.13,1.71,0.33,0.25,0.67,0,0.67,0,1.65
394,1,0,0,0,0.41,1,0,0.67,0,0.46
395,1,1.49,0.76,0,0.75,1,0,0.67,0,1.42
396,1,1.17,0,0.21,0,0.79,0,0.67,0,0.45
397,1,0.36,0,0.21,0,0.79,0,0.67,0,0.14
398,1,3.23,0,0.02,0.11,0.98,0,0.67,0,1.37
399,1,0.26,0,0.21,0,0.79,0,0.67,0,0.1
400,1,9.76,0.1,0.03,0.1,0.97,0,0.67,0,3.9
401,1,0.48,0,0,0,1,0,0.67,0,0.19
402,1,0.55,0,0,0,1,0,0.67,0,0.21
403,1,1.36,1.36,0.16,0,0.84,0,0.67,0,0.77
404,1,0.21,0.12,0.99,0.12,0.01,0,0.67,0,0.22
405,1,0.41,0,0.21,0,0.79,0,0.67,0,0.16
406,1,0,0,0.67,0.67,0.33,0.98,0.32,1,0.25
407,1,6.89,0.83,0.24,0,0.76,0,0.67,0,2.9
408,1,0.58,0.57,0.31,0.56,0.69,0,0.67,0,0.86
409,1,1.67,0,0.21,0,0.79,0,0.67,0,0.65
410,1,1.11,0.16,0,0.16,1,0,0.67,0,0.6
411,1,0.79,0.11,1,0.11,0,0,0.67,0,0.43
412,1,3.79,0.27,0.46,0,0.54,0,0.67,0,1.61
413,1,1.06,0,0.21,0,0.79,0,0.67,0,0.41
414,1,0.72,0.72,0.4,0,0.6,0,0.67,0,0.6
415,1,2.05,0.69,0.38,0.68,0.62,0,0.67,0,1.56
416,1,1.6,0.1,0,0.1,1,0,0.67,0,0.74
417,1,0.71,0,0.66,4.88,0.34,2.87,0.11,0,2.14
418,1,2.09,0,0.3,0.34,0.7,0,0.67,0,1.08
419,1,5.19,0.83,0.2,0,0.8,0,0.67,0,2.2
420,1,0.42,0.25,0.45,0.07,0.55,0,0.67,0,0.33
421,1,1.6,1.6,0.37,0,0.63,0,0.67,0,1.27
422,1,2.05,0,0.21,0,0.79,0,0.67,0,0.79
423,1,1.13,0.61,0.29,0,0.71,0,0.67,0,0.63
424,1,0.28,0,0.21,0,0.79,0,0.67,0,0.11
425,1,3.11,0.51,0.44,0.52,0.56,0,0.67,0,1.78
426,1,0.9,0.38,0.61,0.38,0.39,0,0.67,0,0.78
427,1,1.38,0,0.21,0,0.79,0,0.67,0,0.54
428,1,3.74,0.79,0.22,0,0.78,0,0.67,0,1.64
429,1,0.59,0.26,0.52,0.26,0.48,0,0.67,0,0.52
430,1,0.79,0,0.21,0,0.79,0,0.67,0,0.31
431,1,0,0,0,0.14,1,0,0.67,0,0.15
432,1,0.69,0.08,0,0.08,1,0,0.67,0,0.36
433,1,1.64,1.64,0.23,0.16,0.77,0,0.67,0,1.2
434,1,0.27,0.27,0,0.48,1,0,0.67,0,0.64
435,1,2.84,0.09,0,0.09,1,0,0.67,0,1.21
436,1,0.76,0,0.21,0,0.79,0,0.67,0,0.3
437,1,0.41,0,0,0,1,0,0.67,0,0.16
438,1,1.98,1.98,0.12,0,0.88,0,0.67,0,1.03
439,1,0,0,1,0,0,0,1,0,0
440,1,0,0,0.77,0.71,0.23,1.36,0.26,1,0.18
441,1,2.68,0,0.56,0.48,0.44,0,0.67,0,1.27
442,1,1.43,0.12,0.07,0.1,0.93,0,0.67,0,0.67
443,1,116.31,0,0,0,1,0,0.67,0,45.08
444,1,1.34,0.09,0,0.09,1,0,0.67,0,0.62
445,1,2.49,0.15,0,0.15,1,0,0.67,0,1.13
446,1,0.01,0,0,0.45,1,0,0.67,0,0.51
447,1,1.96,0,0.21,0,0.79,0,0.67,0,0.76
448,1,0.87,0,0.21,0,0.79,0,0.67,0,0.34
449,1,0.61,0,0.21,0,0.79,0,0.67,0,0.24
450,1,0.71,0.12,0.6,0.12,0.4,0,0.67,0,0.41
451,1,0,0,1,0,0,0,1,0,0
452,1,0.31,0,0,0,1,0,0.67,0,0.12
453,1,0.44,0.12,0,0.12,1,0,0.67,0,0.3
454,1,0.31,0,0.21,0,0.79,0,0.67,0,0.12
455,1,0.7,0.14,0,0.14,1,0,0.67,0,0.42
456,1,0.66,0,0,0,1,0,0.67,0,0.26
457,1,2.25,0,0.21,0,0.79,0,0.67,0,0.87
458,1,0.63,0,0.01,0,0.99,0,0.67,0,0.24
459,1,0,0,0,0.13,1,0,0.67,0,0.15
460,1,0.49,0,0,0,1,0,0.67,0,0.19
461,1,2.39,0,0.21,0,0.79,0,0.67,0,0.92
462,1,0,0,0,0.34,1,0,0.67,0,0.39
463,1,2.55,0,0.21,0,0.79,0,0.67,0,0.99
464,1,2.02,0.09,0.27,0.09,0.73,0,0.67,0,0.89
465,1,2.13,0,0.21,0,0.79,0,0.67,0,0.82
466,1,0.84,0.12,1,0.16,0,0,0.67,0,0.46
467,1,0.85,0.14,0,0.14,1,0,0.67,0,0.48
468,1,0.46,0,0.21,0,0.79,0,0.67,0,0.18
469,1,4.04,0,0.21,0,0.79,0,0.67,0,1.57
470,1,0,0,1,0,0,0,1,0,0
471,1,0,0,1,0,0,0,1,0,0
472,1,0.25,0,0.21,0,0.79,0,0.67,0,0.1
473,1,1.17,0.13,0,0.13,1,0,0.67,0,0.6
474,1,4.35,0.1,0.32,0.1,0.68,0,0.67,0,1.8
475,1,0,0,0,3.34,1,0,0.67,0,3.74
476,1,1,0.84,0.47,0,0.53,0,0.67,0,0.82
477,1,0.44,0.1,0.93,7.42,0.07,3.54,0.08,1,0.89
478,1,2.02,2.02,0.23,0.16,0.77,0,0.67,0,1.43
479,1,0.52,0,0.21,0,0.79,0,0.67,0,0.2
480,1,1,0,0,0,1,0,0.67,0,0.39
481,1,4.27,0.15,0,0.15,1,0,0.67,0,1.82
482,1,0.91,0,0.21,0,0.79,0,0.67,0,0.35
483,1,0.36,0,0.21,0,0.79,0,0.67,0,0.14
484,1,1.27,0.23,1,0.23,0,0,0.67,0,0.75
485,1,10000,9566.95,0,0.27,1,0,0.67,0,3876.29
486,1,0.9,0.1,0.33,0.1,0.67,0,0.67,0,0.46
487,1,0.8,0.14,1,0.14,0,0,0.67,0,0.47
488,1,0.91,0,0.21,0,0.79,0,0.67,0,0.35
489,1,0,0,0,0.69,1,0,0.67,0,0.77
490,1,0.31,0.31,0,0.41,1,0,0.67,0,0.58
491,1,1.22,0.09,0.86,0.09,0.14,0,0.67,0,0.58
492,1,19.65,3.2,0.1,0,0.9,0,0.67,0,7.98
493,1,1.04,0.74,0.29,0.74,0.71,0,0.67,0,1.23
494,1,0,0,0.62,0.41,0.38,1.63,0.22,1,0.17
495,1,2.69,1.37,0.17,0,0.83,0,0.67,0,1.3
496,1,1.87,0.79,0.07,0.79,0.93,0,0.67,0,1.62
497,1,0.48,0.1,0.35,0.1,0.65,0,0.67,0,0.3
498,1,0,0,0.72,2.48,0.28,1.74,0.21,2,0.79
499,1,0.89,0.18,0.51,2.23,0.49,0.36,0.47,0,1.67
500,1,4.79,0.23,1,0.23,0,0,0.67,0,2.11
501,1,1.1,0,0.21,0,0.79,0,0.67,0,0.43
502,1,0.13,0.13,0,0.38,1,0,0.67,0,0.48
503,1,0.24,0.1,0,0.1,1,0,0.67,0,0.2
504,1,0.41,0,0,0,1,0,0.67,0,0.16
505,1,0,0,1,0,0,0,1,0,0
506,1,0,0,1,0,0,0,1,0,0
507,1,0.64,0,0.21,0,0.79,0,0.67,0,0.25
508,1,3.47,0.74,0.2,0,0.8,0,0.67,0,1.51
509,1,0.9,0,0.51,0.96,0.49,0,0.65,2,0.88
510,1,3.63,0,0.21,0,0.79,0,0.67,0,1.41
511,1,0.67,0.18,0.51,0.03,0.49,0,0.67,0,0.38
512,1,3.89,0.12,1,0.12,0,0,0.67,0,1.64
513,1,0,0,0,0.2,1,0,0.67,0,0.22
514,1,0.76,0.76,0.21,0,0.79,0,0.67,0,0.47
515,1,2.53,0.1,0,0.1,1,0,0.67,0,1.09
516,1,1.54,0.1,0,0.1,1,0,0.67,0,0.71
517,1,0,0,1,0,0,0,1,0,0
518,1,2.54,0,0.21,0,0.79,0,0.67,0,0.99
519,1,2.54,0,0.59,0.38,0.41,0,0.67,0,1.16
520,1,0,0,0,0.36,1,0,0.67,0,0.4
521,1,1.1,0,0,0,1,0,0.67,0,0.43
522,1,2.73,0,0.21,0,0.79,0,0.67,0,1.06
523,1,0,0,0.41,0.72,0.59,1.34,0.26,2,0.48
524,1,1.22,0.21,0.11,0.08,0.89,0,0.67,0,0.58
525,1,3.48,0.09,0.2,0.09,0.8,0,0.67,0,1.45
526,1,3.1,0,0.21,0,0.79,0,0.67,0,1.2
527,1,0,0,1,0,0,0,1,0,0
528,1,0,0,1,0,0,0,1,0,0
529,1,0.58,0.33,0.61,0.33,0.39,0,0.67,0,0.59
530,1,0,0,0,0.4,1,0,0.67,0,0.45
531,1,1.08,0,0.7,4.06,0.3,1.13,0.29,3,1.81
532,1,0.68,0.68,0.44,0,0.56,0,0.67,0,0.6
533,1,4.14,0,0.21,0,0.79,0,0.67,0,1.6
534,1,1.28,0.23,0.5,0.23,0.5,0,0.67,0,0.75
535,1,0,0,0.39,1.63,0.61,2.35,0.15,0,1.1
536,1,2.05,0,0,0,1,0,0.67,0,0.79
537,1,1.26,1.26,0.4,0,0.6,0,0.67,0,1.06
538,1,0.81,0.11,0,0.11,1,0,0.67,0,0.44
539,1,0,0,1,0,0,0,1,0,0
540,1,0,0,0.06,0.15,0.94,0.62,0.4,0,0.16
541,1,0,0,0,0.09,1,0,0.67,0,0.1
542,1,0,0,0,0.22,1,0,0.67,0,0.24
543,1,0.47,0,0,0,1,0,0.67,0,0.18
544,1,1.14,0,0.09,0,0.91,0,0.67,0,0.44
545,1,1.69,0.34,0,0.34,1,0,0.67,0,1.03
546,1,1.61,0.35,0,0.35,1,0,0.67,0,1.02
547,1,0.7,0,0.21,0,0.79,0,0.67,0,0.27
548,1,4.42,0,0.12,0,0.88,0,0.67,0,1.71
549,1,0,0,1,0,0,0,1,0,0
550,1,1.17,0,0.21,0,0.79,0,0.67,0,0.45
551,1,0,0,1,0,0,0,1,0,0
552,1,6.11,0,0.21,0,0.79,0,0.67,0,2.37
553,1,0.79,0,0.21,0,0.79,0,0.67,0,0.31
554,1,0.28,0,0,0,1,0,0.67,0,0.11
555,1,0.09,0.09,0,0.43,1,0,0.67,0,0.52
556,1,0.29,0,0.21,0,0.79,0,0.67,0,0.11
557,1,0,0,0.57,1.75,0.43,0.83,0.35,1,0.84
558,1,5.34,0.23,1,0.23,0,0,0.67,0,2.32
559,1,7.11,7.11,0.24,0,0.76,0,0.67,0,4.67
560,1,0.69,0.13,0.18,0.1,0.82,0,0.67,0,0.38
561,1,0.73,0,0.21,0,0.79,0,0.67,0,0.28
562,1,1.43,0.45,0,0.45,1,0,0.67,0,1.06
563,1,4.42,0,0.21,0,0.79,0,0.67,0,1.71
564,1,1.5,0,0,0,1,0,0.67,0,0.58
565,1,0.94,0.66,0.16,0.66,0.84,0,0.67,0,1.11
566,1,0.52,0.38,0.02,0.38,0.98,0,0.67,0,0.63
567,1,0.24,0.24,0,0.28,1,0,0.67,0,0.4
568,1,1.98,0.31,0,0.31,1,0,0.67,0,1.12
569,1,0,0,0.51,0.34,0.49,0.64,0.39,1,0.18
570,1,11.03,0,0,0,1,0,0.67,0,4.28
571,1,0.53,0,0.18,0,0.82,0,0.67,0,0.21
572,1,0,0,0,0.12,1,0,0.67,0,0.13
573,1,0.55,0.15,0,0.15,1,0,0.67,0,0.38
574,1,1.96,0.09,1,0.09,0,0,0.67,0,0.86
575,1,1.12,0,0.09,0,0.91,0,0.67,0,0.44
576,1,0.32,0,0.21,0,0.79,0,0.67,0,0.12
577,1,0.68,0,0.21,0,0.79,0,0.67,0,0.26
578,1,3.13,0,0.66,0.5,0.34,0,0.67,0,1.4
579,1,0.74,0.74,0.28,0,0.72,0,0.67,0,0.52
580,1,7.56,0.21,0.46,0.21,0.54,0,0.67,0,3.17
581,1,0,0,0,0.76,1,0,0.67,0,0.85
582,1,2.5,0,0.21,0,0.79,0,0.67,0,0.97
583,1,0.3,0,0.63,1.04,0.37,0.82,0.35,2,0.54
584,1,1.34,1.34,0.18,0.16,0.82,0,0.67,0,0.94
585,1,2.57,0,0.21,0,0.79,0,0.67,0,1
586,1,2.42,0.49,0.08,0.49,0.92,0,0.67,0,1.49
587,1,0,0,1,0,0,0,1,0,0
588,1,0,0,1,0,0,0,1,0,0
589,1,0,0,1,0,0,0,1,0,0
590,1,0,0,1,0,0,0,1,0,0
591,1,0,0,1,0,0,0,1,0,0
592,1,0,0,1,0,0,0,1,0,0
593,1,0,0,1,0,0,0,1,0,0
594,1,0,0,1,0,0,0,1,0,0
595,1,0,0,1,0,0,0,1,0,0
596,1,0,0,1,0,0,0,1,0,0
597,1,0,0,1,0,0,0,1,0,0
598,1,0,0,1,0,0,0,1,0,0
599,1,0,0,1,0,0,0,1,0,0
600,1,0,0,1,0,0,0,1,0,0
601,1,0,0,1,0,0,0,1,0,0
602,1,0,0,1,0,0,0,1,0,0
603,1,0,0,1,0,0,0,1,0,0
604,1,0,0,1,0,0,0,1,0,0
605,1,0,0,1,0,0,0,1,0,0
606,1,0,0,1,0,0,0,1,0,0
607,1,0,0,1,0,0,0,1,0,0
608,1,0,0,1,0,0,0,1,0,0
609,1,0,0,1,0,0,0,1,0,0
610,1,0,0,1,0,0,0,1,0,0