Aligned,Cypridina_noctiluca_BBG57195
1,0
2,0
3,0
4,0
5,0
6,0
7,0
8,0
9,0
10,0
11,0
12,0
13,0
14,0
15,0
16,0
17,0
18,0
19,0
20,0
21,0
22,0
23,0
24,0
25,0
26,1
27,2
28,3
29,4
30,4
31,4
32,4
33,4
34,4
35,4
36,4
37,4
38,4
39,4
40,4
41,4
42,5
43,6
44,7
45,8
46,9
47,10
48,11
49,12
50,13
51,14
52,15
53,16
54,17
55,18
56,19
57,20
58,20
59,21
60,22
61,23
62,24
63,25
64,26
65,27
66,28
67,29
68,29
69,29
70,29
71,29
72,29
73,29
74,30
75,31
76,32
77,33
78,34
79,35
80,36
81,37
82,38
83,39
84,40
85,41
86,42
87,43
88,44
89,45
90,46
91,47
92,48
93,49
94,50
95,51
96,52
97,53
98,54
99,55
100,56
101,57
102,58
103,59
104,60
105,61
106,62
107,63
108,64
109,65
110,66
111,67
112,67
113,67
114,68
115,69
116,70
117,71
118,72
119,73
120,74
121,75
122,76
123,77
124,78
125,79
126,80
127,81
128,82
129,83
130,84
131,85
132,86
133,87
134,88
135,89
136,90
137,91
138,92
139,93
140,94
141,95
142,96
143,97
144,98
145,99
146,100
147,101
148,102
149,103
150,104
151,105
152,106
153,107
154,108
155,109
156,110
157,111
158,112
159,113
160,114
161,115
162,116
163,117
164,118
165,119
166,120
167,121
168,122
169,123
170,124
171,125
172,126
173,127
174,128
175,129
176,130
177,131
178,132
179,133
180,134
181,135
182,136
183,137
184,138
185,139
186,140
187,141
188,141
189,142
190,143
191,144
192,145
193,146
194,147
195,148
196,149
197,150
198,151
199,152
200,153
201,154
202,155
203,156
204,157
205,158
206,159
207,160
208,161
209,162
210,163
211,164
212,165
213,166
214,167
215,168
216,169
217,170
218,171
219,172
220,173
221,174
222,175
223,176
224,177
225,178
226,179
227,180
228,181
229,182
230,183
231,184
232,185
233,186
234,187
235,188
236,189
237,190
238,191
239,192
240,193
241,194
242,195
243,196
244,197
245,198
246,199
247,200
248,201
249,202
250,203
251,204
252,205
253,206
254,207
255,208
256,209
257,210
258,211
259,212
260,213
261,214
262,215
263,216
264,217
265,218
266,219
267,220
268,221
269,222
270,223
271,224
272,225
273,226
274,227
275,228
276,229
277,230
278,231
279,232
280,233
281,234
282,235
283,236
284,237
285,238
286,239
287,240
288,241
289,242
290,243
291,244
292,245
293,246
294,247
295,248
296,249
297,250
298,251
299,252
300,253
301,254
302,255
303,256
304,257
305,258
306,259
307,260
308,261
309,262
310,263
311,264
312,265
313,266
314,267
315,268
316,269
317,270
318,271
319,272
320,273
321,274
322,274
323,274
324,275
325,276
326,277
327,278
328,279
329,280
330,281
331,282
332,283
333,284
334,285
335,286
336,287
337,288
338,289
339,290
340,291
341,292
342,293
343,294
344,295
345,296
346,297
347,298
348,299
349,300
350,301
351,302
352,303
353,304
354,305
355,306
356,307
357,308
358,309
359,310
360,311
361,312
362,313
363,314
364,315
365,316
366,317
367,318
368,319
369,320
370,321
371,322
372,323
373,324
374,325
375,326
376,327
377,328
378,329
379,330
380,331
381,332
382,333
383,334
384,335
385,336
386,337
387,338
388,339
389,340
390,341
391,342
392,343
393,344
394,345
395,346
396,347
397,348
398,349
399,350
400,351
401,352
402,353
403,354
404,355
405,356
406,357
407,358
408,359
409,360
410,361
411,362
412,363
413,364
414,365
415,366
416,367
417,368
418,369
419,370
420,371
421,372
422,373
423,374
424,375
425,376
426,377
427,378
428,379
429,380
430,381
431,382
432,383
433,384
434,385
435,386
436,387
437,388
438,389
439,390
440,391
441,392
442,393
443,394
444,395
445,396
446,397
447,398
448,399
449,400
450,401
451,402
452,403
453,404
454,405
455,406
456,407
457,408
458,409
459,410
460,411
461,412
462,413
463,414
464,415
465,416
466,417
467,418
468,419
469,420
470,421
471,422
472,423
473,424
474,425
475,426
476,427
477,428
478,429
479,430
480,431
481,432
482,433
483,434
484,435
485,436
486,437
487,438
488,439
489,440
490,441
491,442
492,443
493,444
494,444
495,445
496,446
497,447
498,448
499,449
500,450
501,451
502,452
503,453
504,454
505,455
506,456
507,457
508,458
509,459
510,460
511,461
512,462
513,463
514,464
515,465
516,466
517,467
518,467
519,468
520,469
521,470
522,471
523,472
524,473
525,474
526,475
527,476
528,477
529,478
530,479
531,480
532,481
533,482
534,483
535,484
536,485
537,486
538,487
539,488
540,489
541,490
542,491
543,492
544,493
545,494
546,495
547,496
548,497
549,498
550,499
551,500
552,501
553,502
554,503
555,504
556,505
557,506
558,507
559,508
560,509
561,510
562,511
563,512
564,513
565,514
566,515
567,516
568,517
569,518
570,519
571,520
572,521
573,522
574,523
575,524
576,525
577,526
578,527
579,528
580,529
581,530
582,531
583,532
584,533
585,534
586,535
587,536
588,537
589,538
590,539
591,540
592,541
593,542
594,543
595,544
596,545
597,546
598,547
599,548
600,549
601,550
602,551
603,552
604,553
605,553
